Program Version,EnergyPlus, Version 26.1.0-6f2e40d102, YMD=2026.10.11 12:33
1,5,Environment Title[],Latitude[deg],Longitude[deg],Time Zone[],Elevation[m]
2,8,Day of Simulation[],Month[],Day of Month[],DST Indicator[1=yes 0=no],Hour[],StartMinute[],EndMinute[],DayType
3,5,Cumulative Day of Simulation[],Month[],Day of Month[],DST Indicator[1=yes 0=no],DayType  ! When Daily Report Variables Requested
4,2,Cumulative Days of Simulation[],Month[]  ! When Monthly Report Variables Requested
5,1,Cumulative Days of Simulation[] ! When Run Period Report Variables Requested
6,1,Calendar Year of Simulation[] ! When Annual Report Variables Requested
7,1,Environment,Site Outdoor Air Drybulb Temperature [C] !TimeStep
8,1,Environment,Site Outdoor Air Wetbulb Temperature [C] !TimeStep
9,1,Environment,Site Sky Temperature [C] !TimeStep
10,1,Environment,Site Horizontal Infrared Radiation Rate per Area [W/m2] !TimeStep
48,1,ZN001:WALL001,Surface Inside Face Temperature [C] !TimeStep
49,1,ZN001:WALL001,Surface Outside Face Temperature [C] !TimeStep
50,1,ZN001:WALL001,Surface Inside Face Conduction Heat Transfer Rate [W] !TimeStep
51,1,ZN001:WALL001,Surface Inside Face Conduction Heat Transfer Rate per Area [W/m2] !TimeStep
52,1,ZN001:WALL001,Surface Outside Face Conduction Heat Transfer Rate [W] !TimeStep
53,1,ZN001:WALL001,Surface Outside Face Conduction Heat Transfer Rate per Area [W/m2] !TimeStep
54,1,ZN001:WALL001,Surface Heat Storage Rate [W] !TimeStep
55,1,ZN001:WALL001,Surface Heat Storage Rate per Area [W/m2] !TimeStep
56,1,ZN001:WALL002,Surface Inside Face Temperature [C] !TimeStep
57,1,ZN001:WALL002,Surface Outside Face Temperature [C] !TimeStep
58,1,ZN001:WALL002,Surface Inside Face Conduction Heat Transfer Rate [W] !TimeStep
59,1,ZN001:WALL002,Surface Inside Face Conduction Heat Transfer Rate per Area [W/m2] !TimeStep
60,1,ZN001:WALL002,Surface Outside Face Conduction Heat Transfer Rate [W] !TimeStep
61,1,ZN001:WALL002,Surface Outside Face Conduction Heat Transfer Rate per Area [W/m2] !TimeStep
62,1,ZN001:WALL002,Surface Heat Storage Rate [W] !TimeStep
63,1,ZN001:WALL002,Surface Heat Storage Rate per Area [W/m2] !TimeStep
64,1,ZN001:WALL003,Surface Inside Face Temperature [C] !TimeStep
65,1,ZN001:WALL003,Surface Outside Face Temperature [C] !TimeStep
66,1,ZN001:WALL003,Surface Inside Face Conduction Heat Transfer Rate [W] !TimeStep
67,1,ZN001:WALL003,Surface Inside Face Conduction Heat Transfer Rate per Area [W/m2] !TimeStep
68,1,ZN001:WALL003,Surface Outside Face Conduction Heat Transfer Rate [W] !TimeStep
69,1,ZN001:WALL003,Surface Outside Face Conduction Heat Transfer Rate per Area [W/m2] !TimeStep
70,1,ZN001:WALL003,Surface Heat Storage Rate [W] !TimeStep
71,1,ZN001:WALL003,Surface Heat Storage Rate per Area [W/m2] !TimeStep
72,1,ZN001:WALL004,Surface Inside Face Temperature [C] !TimeStep
73,1,ZN001:WALL004,Surface Outside Face Temperature [C] !TimeStep
74,1,ZN001:WALL004,Surface Inside Face Conduction Heat Transfer Rate [W] !TimeStep
75,1,ZN001:WALL004,Surface Inside Face Conduction Heat Transfer Rate per Area [W/m2] !TimeStep
76,1,ZN001:WALL004,Surface Outside Face Conduction Heat Transfer Rate [W] !TimeStep
77,1,ZN001:WALL004,Surface Outside Face Conduction Heat Transfer Rate per Area [W/m2] !TimeStep
78,1,ZN001:WALL004,Surface Heat Storage Rate [W] !TimeStep
79,1,ZN001:WALL004,Surface Heat Storage Rate per Area [W/m2] !TimeStep
80,1,ZN001:FLR001,Surface Inside Face Temperature [C] !TimeStep
81,1,ZN001:FLR001,Surface Outside Face Temperature [C] !TimeStep
82,1,ZN001:FLR001,Surface Inside Face Conduction Heat Transfer Rate [W] !TimeStep
83,1,ZN001:FLR001,Surface Inside Face Conduction Heat Transfer Rate per Area [W/m2] !TimeStep
84,1,ZN001:FLR001,Surface Outside Face Conduction Heat Transfer Rate [W] !TimeStep
85,1,ZN001:FLR001,Surface Outside Face Conduction Heat Transfer Rate per Area [W/m2] !TimeStep
86,1,ZN001:FLR001,Surface Heat Storage Rate [W] !TimeStep
87,1,ZN001:FLR001,Surface Heat Storage Rate per Area [W/m2] !TimeStep
88,1,ZN001:ROOF001,Surface Inside Face Temperature [C] !TimeStep
89,1,ZN001:ROOF001,Surface Outside Face Temperature [C] !TimeStep
90,1,ZN001:ROOF001,Surface Inside Face Conduction Heat Transfer Rate [W] !TimeStep
91,1,ZN001:ROOF001,Surface Inside Face Conduction Heat Transfer Rate per Area [W/m2] !TimeStep
92,1,ZN001:ROOF001,Surface Outside Face Conduction Heat Transfer Rate [W] !TimeStep
93,1,ZN001:ROOF001,Surface Outside Face Conduction Heat Transfer Rate per Area [W/m2] !TimeStep
94,1,ZN001:ROOF001,Surface Heat Storage Rate [W] !TimeStep
95,1,ZN001:ROOF001,Surface Heat Storage Rate per Area [W/m2] !TimeStep
96,1,ZONE ONE,Zone Mean Air Temperature [C] !TimeStep
97,1,ZONE ONE,Zone Air Humidity Ratio [] !TimeStep
379,1,ALWAYSON,Schedule Value [] !TimeStep
End of Data Dictionary
1,RUN PERIOD 1,  39.74,-105.18,  -7.00,1829.00
2,1, 1, 1, 0, 1, 0.00,15.00,Tuesday
7,-6.0
8,-6.668051595539055
9,-15.01175691835789
10,251.75
48,-1.082714984858308
49,-6.670340013593519
50,-169.94171175124512
51,-2.438983148470278
52,169.94171175124512
53,2.438983148470278
54,0.0
55,0.0
56,-1.0769349198664915
57,-6.5876161420620925
58,-167.60154716884156
59,-2.405397385903146
60,167.60154716884156
61,2.405397385903146
62,0.0
63,0.0
64,-1.0769349198664915
65,-6.5876161420620925
66,-167.60154716884156
67,-2.405397385903146
68,167.60154716884156
69,2.405397385903146
70,0.0
71,0.0
72,-1.0827149848583089
73,-6.670340013593519
74,-169.9417117512451
75,-2.4389831484702778
76,169.9417117512451
77,2.4389831484702778
78,0.0
79,0.0
80,-0.08171733061627695
81,-0.05086562031726655
82,954.3076036223925
83,4.108832622150546
84,737.9319110184596
85,3.1772131935336434
86,-1692.2395146408521
87,-7.286045815684189
88,-0.8250454547280838
89,-7.802982724206881
90,-297.04526450874243
91,-1.278947446751979
92,297.04526450874243
93,1.278947446751979
94,0.0
95,0.0
96,-0.6362640508075252
97,0.002431765074591858
379,1.0
2,1, 1, 1, 0, 1,15.00,30.00,Tuesday
7,-5.0
8,-5.604827243139293
9,-14.564319879412608
10,253.5
48,-1.0259879079349872
49,-5.898533184261255
50,-148.19331658548373
51,-2.126852778775
52,148.19331658548373
53,2.126852778775
54,0.0
55,0.0
56,-1.023414343284316
57,-5.860249902853263
58,-147.10724327872413
59,-2.1112655844017465
60,147.10724327872413
61,2.1112655844017465
62,0.0
63,0.0
64,-1.023414343284316
65,-5.860249902853263
66,-147.10724327872413
67,-2.1112655844017465
68,147.10724327872413
69,2.1112655844017465
70,0.0
71,0.0
72,-1.0259879079349876
73,-5.898533184261255
74,-148.1933165854837
75,-2.1268527787749996
76,148.1933165854837
77,2.1268527787749996
78,0.0
79,0.0
80,-0.11072168758821131
81,-0.08171733061627695
82,895.1811117828562
83,3.8542597175845104
84,678.9387914930702
85,2.9232145320242275
86,-1574.1199032759264
87,-6.777474249608738
88,-0.8143823029328058
89,-7.561692803434127
90,-287.2276655610769
91,-1.2366771445200369
92,287.2276655610769
93,1.2366771445200369
94,0.0
95,0.0
96,-0.6383264394149383
97,0.002431765074591858
379,1.0
2,1, 1, 1, 0, 1,30.00,45.00,Tuesday
7,-4.0
8,-4.531180833165341
9,-14.119193490716157
10,255.25
48,-0.9871155165583222
49,-5.28878983447569
50,-130.83087952820642
51,-1.877669155974608
52,130.83087952820642
53,1.877669155974608
54,0.0
55,0.0
56,-0.9936071024168268
57,-5.373366026178894
58,-133.20574031618474
59,-1.9117528743398815
60,133.20574031618474
61,1.9117528743398815
62,0.0
63,0.0
64,-0.9936071024168268
65,-5.373366026178894
66,-133.20574031618474
67,-1.9117528743398815
68,133.20574031618474
69,1.9117528743398815
70,0.0
71,0.0
72,-0.9871155165583224
73,-5.28878983447569
74,-130.8308795282064
75,-1.8776691559746077
76,130.8308795282064
77,1.8776691559746077
78,0.0
79,0.0
80,-0.1389387630842149
81,-0.11072168758821131
82,851.9427186249775
83,3.668094041378958
84,634.4334730708101
85,2.7315940277984883
86,-1486.3761916957876
87,-6.399688069177446
88,-0.8341613881591307
89,-8.12853834962446
90,-310.51585164318726
91,-1.3369459240222377
92,310.51585164318726
93,1.3369459240222377
94,0.0
95,0.0
96,-0.6332051364035343
97,0.0024317650745918585
379,1.0
2,1, 1, 1, 0, 1,45.00,60.00,Tuesday
7,-3.0
8,-3.4468357876695
9,-13.676350099713034
10,257.0
48,-1.0259940861187093
49,-5.188659627527299
50,-126.60307445774068
51,-1.8169922025908687
52,126.60307445774068
53,1.8169922025908687
54,0.0
55,0.0
56,-1.0248659771504405
57,-5.178807355114225
58,-126.33773824391399
59,-1.8131841289429496
60,126.33773824391399
61,1.8131841289429496
62,0.0
63,0.0
64,-1.0248659771504405
65,-5.178807355114225
66,-126.33773824391399
67,-1.8131841289429496
68,126.33773824391399
69,1.8131841289429496
70,0.0
71,0.0
72,-1.0259940861187096
73,-5.188659627527299
74,-126.60307445774068
75,-1.8169922025908687
76,126.60307445774068
77,1.8169922025908687
78,0.0
79,0.0
80,-0.17076669939998493
81,-0.1389387630842149
82,877.6076371842296
83,3.7785959950685344
84,605.5137840839323
85,2.607078451184944
86,-1483.1214212681618
87,-6.3856744462534785
88,-0.9454760936217347
89,-10.540078444905957
90,-408.4346251949469
91,-1.758541486672328
92,408.4346251949469
93,1.758541486672328
94,0.0
95,0.0
96,-0.6429004563254149
97,0.002431765074591859
379,1.0
2,1, 1, 1, 0, 2, 0.00,15.00,Tuesday
7,-3.0
8,-3.658725029261519
9,-13.424311288860224
10,258.0
48,-0.986309284856076
49,-4.8260183882788645
50,-116.78069560981444
51,-1.6760225945934522
52,116.78069560981444
53,1.6760225945934522
54,0.0
55,0.0
56,-0.9987950101790674
57,-4.9909434663006405
58,-121.41697746528234
59,-1.7425619580052831
60,121.41697746528234
61,1.7425619580052831
62,0.0
63,0.0
64,-0.9987950101790674
65,-4.9909434663006405
66,-121.41697746528234
67,-1.7425619580052831
68,121.41697746528234
69,1.7425619580052831
70,0.0
71,0.0
72,-0.9863092848560766
73,-4.8260183882788645
74,-116.78069560981443
75,-1.676022594593452
76,116.78069560981443
77,1.676022594593452
78,0.0
79,0.0
80,-0.1966426922006544
81,-0.17076669939998493
82,810.3983300307705
83,3.4892220105209493
84,637.7834441593648
85,2.746017543276796
86,-1448.1817741901352
87,-6.235239553797745
88,-0.8947407347750118
89,-9.26983038431273
90,-356.52093507816556
91,-1.5350237627451828
92,356.52093507816556
93,1.5350237627451828
94,0.0
95,0.0
96,-0.6580083039557705
97,0.0024317650745918585
379,1.0
2,1, 1, 1, 0, 2,15.00,30.00,Tuesday
7,-3.0
8,-3.872190597102337
9,-13.173004087586833
10,259.0
48,-0.9628033723704984
49,-4.5537101839914484
50,-109.21363677193679
51,-1.5674210699949367
52,109.21363677193679
53,1.5674210699949367
54,0.0
55,0.0
56,-0.973334598059873
57,-4.7005126348218305
58,-113.35818210985902
59,-1.626903089642119
60,113.35818210985902
61,1.626903089642119
62,0.0
63,0.0
64,-0.973334598059873
65,-4.7005126348218305
66,-113.35818210985902
67,-1.626903089642119
68,113.35818210985902
69,1.626903089642119
70,0.0
71,0.0
72,-0.9628033723704983
73,-4.5537101839914484
74,-109.21363677193679
75,-1.5674210699949367
76,109.21363677193679
77,1.5674210699949367
78,0.0
79,0.0
80,-0.22102564107774325
81,-0.1966426922006544
82,757.4707881283665
83,3.261339082675299
84,576.1944445271641
85,2.480842153398486
86,-1333.6652326555306
87,-5.742181236073785
88,-0.8609479769259318
89,-8.114142750297251
90,-308.7627585036228
91,-1.3293978690196697
92,308.7627585036228
93,1.3293978690196697
94,0.0
95,0.0
96,-0.6651435167233578
97,0.0024317650745918585
379,1.0
2,1, 1, 1, 0, 2,30.00,45.00,Tuesday
7,-3.0
8,-4.087238710507779
9,-12.922423559710637
10,260.0
48,-0.9519361749613403
49,-4.448630589303502
50,-106.34826624699845
51,-1.5262976144734475
52,106.34826624699845
53,1.5262976144734475
54,0.0
55,0.0
56,-0.9511360204895247
57,-4.4447109042797335
58,-106.2533890211408
59,-1.5249359478604907
60,106.2533890211408
61,1.5249359478604907
62,0.0
63,0.0
64,-0.9437620728011704
65,-4.347866082022941
66,-103.53222689987315
67,-1.485882154123599
68,103.53222689987315
69,1.485882154123599
70,0.0
71,0.0
72,-0.9444794468414905
73,-4.350872998305488
74,-103.60186090819866
75,-1.486881533093695
76,103.60186090819866
77,1.486881533093695
78,0.0
79,0.0
80,-0.24401948456596229
81,-0.22102564107774325
82,708.9111176863221
83,3.052262305674054
84,536.0464417715333
85,2.3079823513699154
86,-1244.9575594578555
87,-5.360244657043969
88,-0.8337402131912013
89,-7.205505463826253
90,-271.2410016268136
91,-1.167845537139855
92,271.2410016268136
93,1.167845537139855
94,0.0
95,0.0
96,-0.6632751169336428
97,0.0024317650745918585
379,1.0
2,1, 1, 1, 0, 2,45.00,60.00,Tuesday
7,-3.0
8,-4.303884024400968
9,-12.672564821184324
10,261.0
48,-0.9314945845092958
49,-4.23703346442644
50,-100.53447262916421
51,-1.4428587428953057
52,100.53447262916421
53,1.4428587428953057
54,0.0
55,0.0
56,-0.9315425860206394
57,-4.23717822676998
58,-100.53741550764468
59,-1.442900978735747
60,100.53741550764468
61,1.442900978735747
62,0.0
63,0.0
64,-0.9286821646625592
65,-4.195284109019437
66,-99.35024687216898
67,-1.4258628762800296
68,99.35024687216898
69,1.4258628762800296
70,0.0
71,0.0
72,-0.9286397018262548
73,-4.195165467252333
74,-99.34792997047408
75,-1.4258296243836455
76,99.34792997047408
77,1.4258296243836455
78,0.0
79,0.0
80,-0.2654474123775623
81,-0.24401948456596229
82,662.0793920467721
83,2.850625305896436
84,502.3624293007419
85,2.162953674285543
86,-1164.441821347514
87,-5.013578980181979
88,-0.8120851396401356
89,-6.531877007937828
90,-243.48701096597102
91,-1.048348949468052
92,243.48701096597102
93,1.048348949468052
94,0.0
95,0.0
96,-0.6573309653941141
97,0.002431765074591859
379,1.0
2,1, 1, 1, 0, 3, 0.00,15.00,Tuesday
7,-3.25
8,-4.537240212057022
9,-13.298566546768257
10,258.5
48,-0.9889056501268488
49,-4.578481417038248
50,-109.17315445338551
51,-1.5668400725944742
52,109.17315445338551
53,1.5668400725944742
54,0.0
55,0.0
56,-0.9842751389517558
57,-4.518131757371702
58,-107.47851542101242
59,-1.5425188156169762
60,107.47851542101242
61,1.5425188156169762
62,0.0
63,0.0
64,-0.9844796845194701
65,-4.51857481909027
66,-107.485769637741
67,-1.5426229272689893
68,107.485769637741
69,1.5426229272689893
70,0.0
71,0.0
72,-0.9891213786378453
73,-4.579042725093582
74,-109.18366489011109
75,-1.5669909171269472
76,109.18366489011109
77,1.5669909171269472
78,0.0
79,0.0
80,-0.2897072959401293
81,-0.2654474123775623
82,675.753793395128
83,2.9095013183427714
84,468.43459911268206
85,2.0168752243744965
86,-1144.18839250781
87,-4.926376542717268
88,-0.8615356691120787
89,-7.067392910571435
90,-264.17842904031716
91,-1.137437177686832
92,264.17842904031716
93,1.137437177686832
94,0.0
95,0.0
96,-0.6621140054123968
97,0.002431765074591859
379,1.0
2,1, 1, 1, 0, 3,15.00,30.00,Tuesday
7,-3.5
8,-4.770667833732584
9,-13.929125509223809
10,256.0
48,-1.0457688321467697
49,-4.920373713945526
50,-117.84201384065615
51,-1.6912545070739868
52,117.84201384065615
53,1.6912545070739868
54,0.0
55,0.0
56,-1.040169765621833
57,-4.843025832405783
58,-115.65984943681111
59,-1.6599363441972925
60,115.65984943681111
61,1.6599363441972925
62,0.0
63,0.0
64,-1.040154611423639
65,-4.84299116098519
66,-115.65925584111238
67,-1.6599278249827258
68,115.65925584111238
69,1.6599278249827258
70,0.0
71,0.0
72,-1.0457524479514462
73,-4.92033262147329
74,-117.8412623645189
75,-1.6912437219782246
76,117.8412623645189
77,1.6912437219782246
78,0.0
79,0.0
80,-0.31484569184760314
81,-0.2897072959401293
82,694.139659310623
83,2.988662843801981
84,488.61355768667886
85,2.1037570253316957
86,-1182.753216997302
87,-5.092419869133677
88,-0.910986706824381
89,-7.619687463655444
90,-285.58407934379875
91,-1.2296005785980686
92,285.58407934379875
93,1.2296005785980686
94,0.0
95,0.0
96,-0.6851137829482274
97,0.002431765074591859
379,1.0
2,1, 1, 1, 0, 3,30.00,45.00,Tuesday
7,-3.75
8,-5.00417097692912
9,-14.564319879412608
10,253.5
48,-1.111491099065897
49,-5.270319021095089
50,-126.48635731887923
51,-1.8153170921551363
52,126.48635731887923
53,1.8153170921551363
54,0.0
55,0.0
56,-1.1045320732649417
57,-5.173702409641666
58,-123.75951657725683
59,-1.7761817995371927
60,123.75951657725683
61,1.7761817995371927
62,0.0
63,0.0
64,-1.1045332376400505
65,-5.173705108109012
66,-123.75956323505143
67,-1.7761824691642876
68,123.75956323505143
69,1.7761824691642876
70,0.0
71,0.0
72,-1.1114923969972388
73,-5.270322384643708
74,-126.48642014244635
75,-1.8153179937914676
76,126.48642014244635
77,1.8153179937914676
78,0.0
79,0.0
80,-0.34144585893709395
81,-0.31484569184760314
82,724.7700532007183
83,3.1205439701465885
84,505.17070294614416
85,2.1750448766634296
86,-1229.9407561468624
87,-5.295588846810018
88,-0.9692630382627783
89,-8.201432990678516
90,-307.86774852276267
91,-1.3255443461172538
92,307.86774852276267
93,1.3255443461172538
94,0.0
95,0.0
96,-0.7236410399874244
97,0.002431765074591859
379,1.0
2,1, 1, 1, 0, 3,45.00,60.00,Tuesday
7,-4.0
8,-5.237748607318439
9,-15.204229956164454
10,251.0
48,-1.1848234035548653
49,-5.628036805243196
50,-135.13564122070406
51,-1.9394505816057124
52,135.13564122070406
53,1.9394505816057124
54,0.0
55,0.0
56,-1.1764325755253973
57,-5.510826540145515
58,-131.82601301335725
59,-1.8919511928903834
60,131.82601301335725
61,1.8919511928903834
62,0.0
63,0.0
64,-1.1764324831556348
65,-5.510826319908827
66,-131.8260091244198
67,-1.891951137076818
68,131.8260091244198
69,1.891951137076818
70,0.0
71,0.0
72,-1.1848232965797967
73,-5.628036512384529
74,-135.13563556725083
75,-1.939450500468027
76,135.13563556725083
77,1.939450500468027
78,0.0
79,0.0
80,-0.36985031353716186
81,-0.34144585893709395
82,765.4052237228426
83,3.2955013042537367
84,529.3149970572612
85,2.2789996842181317
86,-1294.7202207801038
87,-5.574500988471868
88,-1.035355310837161
89,-8.8158205108708
90,-331.2082430797897
91,-1.4260383431146697
92,331.2082430797897
93,1.4260383431146697
94,0.0
95,0.0
96,-0.7722576032381269
97,0.0024317650745918585
379,1.0
2,1, 1, 1, 0, 4, 0.00,15.00,Tuesday
7,-3.5
8,-4.7561145867836245
9,-13.80264541573132
10,256.5
48,-1.133102890987224
49,-4.999020902961451
50,-117.5778118728883
51,-1.6874627119900247
52,117.5778118728883
53,1.6874627119900247
54,0.0
55,0.0
56,-1.1258199854891806
57,-4.896696194790371
58,-114.6872158591762
59,-1.6459772232666978
60,114.6872158591762
61,1.6459772232666978
62,0.0
63,0.0
64,-1.1337746690179673
65,-5.002446937708412
66,-117.66157968095513
67,-1.6886649375658054
68,117.66157968095513
69,1.6886649375658054
70,0.0
71,0.0
72,-1.1331028979822335
73,-4.999020926360833
74,-117.57781237180997
75,-1.687462719150489
76,117.57781237180997
77,1.687462719150489
78,0.0
79,0.0
80,-0.39318495001000153
81,-0.36985031353716186
82,718.5455338469449
83,3.093743902662151
84,561.8479578080286
85,2.4190724342627696
86,-1280.3934916549733
87,-5.512816336924921
88,-1.0055348950314225
89,-7.9434934632789815
90,-295.34340285201864
91,-1.2716199721861359
92,295.34340285201864
93,1.2716199721861359
94,0.0
95,0.0
96,-0.8072245288074545
97,0.002431765074591859
379,1.0
2,1, 1, 1, 0, 4,15.00,30.00,Tuesday
7,-3.0
8,-4.274018396297937
9,-12.423423039347256
10,262.0
48,-1.0755035063135276
49,-4.299035287107437
50,-98.04031335235408
51,-1.4070628668678524
52,98.04031335235408
53,1.4070628668678524
54,0.0
55,0.0
56,-1.0759899922315899
57,-4.301262874759742
58,-98.09326712207353
59,-1.4078228530458354
60,98.09326712207353
61,1.4078228530458354
62,0.0
63,0.0
64,-1.0829248350445153
65,-4.396987740286291
66,-100.79372185351791
67,-1.446579456797365
68,100.79372185351791
69,1.446579456797365
70,0.0
71,0.0
72,-1.0829678076160263
73,-4.3971614972502095
74,-100.79769952263526
75,-1.446636543829427
76,100.79769952263526
77,1.446636543829427
78,0.0
79,0.0
80,-0.41437496027325144
81,-0.39318495001000153
82,666.2106150701968
83,2.868412551710673
84,513.5421404313388
85,2.211088637923318
86,-1179.7527555015356
87,-5.079501189633991
88,-0.9747102614107013
89,-7.100668527790255
90,-260.77719293428805
91,-1.1227929373862817
92,260.77719293428805
93,1.1227929373862817
94,0.0
95,0.0
96,-0.8171678556433695
97,0.00243176507459186
379,1.0
2,1, 1, 1, 0, 4,30.00,45.00,Tuesday
7,-2.5
8,-3.7914334157108383
9,-11.065747629531984
10,267.5
48,-1.0136722457214509
49,-3.7047957553183983
50,-81.84767828961559
51,-1.1746681025667993
52,81.84767828961559
53,1.1746681025667993
54,0.0
55,0.0
56,-1.0136461579082838
57,-3.704692443468378
58,-81.84532960212425
59,-1.1746343944844613
60,81.84532960212425
61,1.1746343944844613
62,0.0
63,0.0
64,-1.0202269536688897
65,-3.7936857044958185
66,-84.35181766191022
67,-1.2106072117325795
68,84.35181766191022
69,1.2106072117325795
70,0.0
71,0.0
72,-1.0202245326441448
73,-3.793675326690463
74,-84.35157566483453
75,-1.2106037386194544
76,84.35157566483453
77,1.2106037386194544
78,0.0
79,0.0
80,-0.4327517264920676
81,-0.41437496027325144
82,598.9149728448948
83,2.5786668459714335
84,471.1017007980818
85,2.028358601820056
86,-1070.0166736429767
87,-4.607025447791489
88,-0.932212421459983
89,-6.259995617158345
90,-226.7995121615161
91,-0.9764998525840106
92,226.7995121615161
93,0.9764998525840106
94,0.0
95,0.0
96,-0.8063605295546558
97,0.0024317650745918603
379,1.0
2,1, 1, 1, 0, 4,45.00,60.00,Tuesday
7,-2.0
8,-3.308328067396587
9,-9.728849736734674
10,273.0
48,-0.9393560450101563
49,-3.10866096929251
50,-65.97711733466043
51,-0.946895707390708
52,65.97711733466043
53,0.946895707390708
54,0.0
55,0.0
56,-0.9393572359380311
57,-3.108666377768893
58,-65.97724560694235
59,-0.9468975483391767
60,65.97724560694235
61,0.9468975483391767
62,0.0
63,0.0
64,-0.9455344053398507
65,-3.1907710663362883
66,-68.28650088260355
67,-0.9800397042278854
68,68.28650088260355
69,0.9800397042278854
70,0.0
71,0.0
72,-0.945534524323746
73,-3.190771656424964
74,-68.28651521075771
75,-0.9800399098638425
76,68.28651521075771
77,0.9800399098638425
78,0.0
79,0.0
80,-0.44770885631123825
81,-0.4327517264920676
82,517.0740399535159
83,2.226295457946332
84,420.0599390051932
85,1.8085950212401798
86,-937.1339789587091
87,-4.034890479186512
88,-0.8783769710551642
89,-5.422622791308498
90,-193.44494648498363
91,-0.832889629811828
92,193.44494648498363
93,0.832889629811828
94,0.0
95,0.0
96,-0.7827268442783326
97,0.00243176507459186
379,1.0
2,1, 1, 1, 0, 5, 0.00,15.00,Tuesday
7,-2.0
8,-3.201787303422743
9,-9.668563395618378
10,273.25
48,-0.9240660974402917
49,-3.0027575853992032
50,-63.22120540476599
51,-0.9073431885510742
52,63.22120540476599
53,0.9073431885510742
54,0.0
55,0.0
56,-0.9240660363377479
57,-3.002757374488476
58,-63.22120084850836
59,-0.9073431231602089
60,63.22120084850836
61,0.9073431231602089
62,0.0
63,0.0
64,-0.9270197007112818
65,-3.043311382714596
66,-64.36477558086477
67,-0.9237555711254053
68,64.36477558086477
69,0.9237555711254053
70,0.0
71,0.0
72,-0.9270196944930168
73,-3.0433113597762245
74,-64.3647750723404
75,-0.9237555638271241
76,64.3647750723404
77,0.9237555638271241
78,0.0
79,0.0
80,-0.4626305158255678
81,-0.44770885631123825
82,473.34495040685374
83,2.038017056952512
84,357.54264951020116
85,1.539422819792339
86,-830.8875999170549
87,-3.577439876744851
88,-0.8568855811462236
89,-4.915291973538319
90,-172.76314672317565
91,-0.7438428138548562
92,172.76314672317565
93,0.7438428138548562
94,0.0
95,0.0
96,-0.7590183521214695
97,0.00243176507459186
379,1.0
2,1, 1, 1, 0, 5,15.00,30.00,Tuesday
7,-2.0
8,-3.095681412468195
9,-9.608318407892057
10,273.5
48,-0.908166202006159
49,-2.9137482592958763
50,-60.99765931332503
51,-0.8754311206368135
52,60.99765931332503
53,0.8754311206368135
54,0.0
55,0.0
56,-0.908166205051659
57,-2.9137482685011182
58,-60.99765950066706
59,-0.875431123325524
60,60.99765950066706
61,0.875431123325524
62,0.0
63,0.0
64,-0.908435551342515
65,-2.918611498715174
66,-61.137377626611496
67,-0.8774363411805326
68,61.137377626611496
69,0.8774363411805326
70,0.0
71,0.0
72,-0.908435551650267
73,-2.918611499657642
74,-61.13737764591571
75,-0.8774363414575844
76,61.13737764591571
77,0.8774363414575844
78,0.0
79,0.0
80,-0.4762672534671865
81,-0.4626305158255678
82,432.1588921833132
83,1.8606878404982794
84,331.83305991540857
85,1.4287285320928511
86,-763.9919520987218
87,-3.2894163725911305
88,-0.8381772162555833
89,-4.534721526856108
90,-157.35896441967236
91,-0.6775191185118263
92,157.35896441967236
93,0.6775191185118263
94,0.0
95,0.0
96,-0.742173841101085
97,0.0024317650745918607
379,1.0
2,1, 1, 1, 0, 5,30.00,45.00,Tuesday
7,-2.0
8,-2.9900083088279863
9,-9.548114707427999
10,273.75
48,-0.8949854942598496
49,-2.8195255466392837
50,-58.532852357350066
51,-0.8400565056120168
52,58.532852357350066
53,0.8400565056120168
54,0.0
55,0.0
56,-0.8967859236700192
57,-2.84250227436466
58,-59.176907097196455
59,-0.8492999023095686
60,59.176907097196455
61,0.8492999023095686
62,0.0
63,0.0
64,-0.8967739212885625
65,-2.8424840082425447
66,-59.17671659214215
67,-0.849297168203784
68,59.17671659214215
69,0.849297168203784
70,0.0
71,0.0
72,-0.8949737689910374
73,-2.8195092144631952
74,-58.53271224313259
75,-0.8400544947095036
76,58.53271224313259
77,0.8400544947095036
78,0.0
79,0.0
80,-0.4889871014252954
81,-0.4762672534671865
82,398.8096869035681
83,1.7171006972584237
84,304.14003808117855
85,1.3094944496161958
86,-702.9497249847466
87,-3.0265951468746195
88,-0.8249393497675518
89,-4.241392422846631
90,-145.435702211505
91,-0.6261827479983648
92,145.435702211505
93,0.6261827479983648
94,0.0
95,0.0
96,-0.7324260252460557
97,0.0024317650745918607
379,1.0
2,1, 1, 1, 0, 5,45.00,60.00,Tuesday
7,-2.0
8,-2.8847657948980006
9,-9.48795222826459
10,274.0
48,-0.8865039144024809
49,-2.73909258769573
50,-56.34452718128921
51,-0.8086499240683507
52,56.34452718128921
53,0.8086499240683507
54,0.0
55,0.0
56,-0.889907449339547
57,-2.7835925878273735
58,-57.59443275050255
59,-0.826588419503496
60,57.59443275050255
61,0.826588419503496
62,0.0
63,0.0
64,-0.8899079522508289
65,-2.7835941742402324
66,-57.594465704058244
67,-0.8265888924489913
68,57.594465704058244
69,0.8265888924489913
70,0.0
71,0.0
72,-0.8865043920212682
73,-2.739094046922038
74,-56.34455703584486
75,-0.8086503525373674
76,56.34455703584486
77,0.8086503525373674
78,0.0
79,0.0
80,-0.5011038922644847
81,-0.4889871014252954
82,373.1862700440749
83,1.606777431800186
84,281.33283494799184
85,1.2112965730636667
86,-654.5191049920668
87,-2.8180740048638526
88,-0.8169176048830192
89,-4.008724640318247
90,-135.8726982612355
91,-0.585008620864228
92,135.8726982612355
93,0.585008620864228
94,0.0
95,0.0
96,-0.7276650551968201
97,0.0024317650745918607
379,1.0
2,1, 1, 1, 0, 6, 0.00,15.00,Tuesday
7,-1.75
8,-2.5393161724532782
9,-9.12783932752211
10,275.5
48,-0.8783160432276537
49,-2.6235408440166332
50,-53.07916843230601
51,-0.7617858853317181
52,53.07916843230601
53,0.7617858853317181
54,0.0
55,0.0
56,-0.878456503790852
57,-2.6266799297741845
58,-53.170368449452496
59,-0.7630947770844743
60,53.170368449452496
61,0.7630947770844743
62,0.0
63,0.0
64,-0.87818161818961
65,-2.623145530418644
66,-53.07123378239205
67,-0.7616720081839023
68,53.07123378239205
69,0.7616720081839023
70,0.0
71,0.0
72,-0.8783160230517504
73,-2.6235407735729233
74,-53.07916690346378
75,-0.761785863389957
76,53.07916690346378
77,0.761785863389957
78,0.0
79,0.0
80,-0.5128344550348508
81,-0.5011038922644847
82,354.525178892726
83,1.5264309064277164
84,264.2907533868218
85,1.1379207973681886
86,-618.8159322795477
87,-2.664351703795905
88,-0.821654236574532
89,-4.136231062983991
90,-141.09891105525614
91,-0.6075104153976281
92,141.09891105525614
93,0.6075104153976281
94,0.0
95,0.0
96,-0.7261261530822559
97,0.0024317650745918607
379,1.0
2,1, 1, 1, 0, 6,15.00,30.00,Tuesday
7,-1.5
8,-2.1917545456605994
9,-8.769193953872843
10,277.0
48,-0.8784675128994688
49,-2.5132572904688693
50,-49.720403879081886
51,-0.7135812976494187
52,49.720403879081886
53,0.7135812976494187
54,0.0
55,0.0
56,-0.8784592106480104
57,-2.5132266378344266
58,-49.719724115797284
59,-0.713571541767952
60,49.719724115797284
61,0.713571541767952
62,0.0
63,0.0
64,-0.8830628683762277
65,-2.5715745584871357
66,-51.35429909017858
67,-0.7370307665594664
68,51.35429909017858
69,0.7370307665594664
70,0.0
71,0.0
72,-0.8830548387209112
73,-2.5715463617840477
74,-51.35368573072772
75,-0.7370219636978901
76,51.35368573072772
77,0.7370219636978901
78,0.0
79,0.0
80,-0.5249000011706983
81,-0.5128344550348508
82,349.2985646341973
83,1.5039273833631164
84,252.12832041185206
85,1.0855546617714644
86,-601.4268850460494
87,-2.589482045134581
88,-0.839782539334851
89,-4.472266439103158
90,-154.63196345286426
91,-0.6657778408666251
92,154.63196345286426
93,0.6657778408666251
94,0.0
95,0.0
96,-0.7281804888405321
97,0.0024317650745918607
379,1.0
2,1, 1, 1, 0, 6,30.00,45.00,Tuesday
7,-1.25
8,-1.8421112045614692
9,-8.412002228312929
10,278.5
48,-0.8967990344058874
49,-2.4871135176779475
50,-48.367734792544915
51,-0.69416795248817
52,48.367734792544915
53,0.69416795248817
54,0.0
55,0.0
56,-0.896799616848299
57,-2.48711596515068
58,-48.36779151547166
59,-0.6941687665688394
60,48.36779151547166
61,0.6941687665688394
62,0.0
63,0.0
64,-0.9068810489722432
65,-2.6179939954369176
66,-52.04169242325575
67,-0.7468961535705148
68,52.04169242325575
69,0.7468961535705148
70,0.0
71,0.0
72,-0.9068816770624984
73,-2.6179970086971984
74,-52.04176496568208
75,-0.7468971946907526
76,52.04176496568208
77,0.7468971946907526
78,0.0
79,0.0
80,-0.5381934268860646
81,-0.5249000011706983
82,363.11029922654035
83,1.5633946929036568
84,250.67125969505082
85,1.0792811933605222
86,-613.7815589215911
87,-2.642675886264179
88,-0.8812262898049067
89,-5.2255856287066695
90,-184.9359372417357
91,-0.7962535445201178
92,184.9359372417357
93,0.7962535445201178
94,0.0
95,0.0
96,-0.7366955149928085
97,0.0024317650745918607
379,1.0
2,1, 1, 1, 0, 6,45.00,60.00,Tuesday
7,-1.0
8,-1.4904057751324926
9,-8.056250476995217
10,280.0
48,-0.9374508688292549
49,-2.643103201519751
50,-51.87561362462056
51,-0.7445126104896828
52,51.87561362462056
53,0.7445126104896828
54,0.0
55,0.0
56,-0.9374508045209079
57,-2.6431027795316964
58,-51.875602746170145
59,-0.7445124543634618
60,51.875602746170145
61,0.7445124543634618
62,0.0
63,0.0
64,-0.9357098344057775
65,-2.6276104477137587
66,-51.45736960871594
67,-0.7385100223303198
68,51.45736960871594
69,0.7385100223303198
70,0.0
71,0.0
72,-0.9357097661097694
73,-2.6276099831290596
74,-51.457357556014095
75,-0.7385098493513825
76,51.457357556014095
77,0.7385098493513825
78,0.0
79,0.0
80,-0.5529278662518444
81,-0.5381934268860646
82,389.8993170198347
83,1.678736527975122
84,264.283007382945
85,1.1378874464514617
86,-654.1823244027797
87,-2.8166239744265837
88,-0.9356280116094874
89,-6.176620396429537
90,-223.10489606242322
91,-0.9605924458981029
92,223.10489606242322
93,0.9605924458981029
94,0.0
95,0.0
96,-0.7544297222343406
97,0.0024317650745918607
379,1.0
2,1, 1, 1, 0, 7, 0.00,15.00,Tuesday
7,-1.0
8,-1.3668991311729997
9,-7.997097567027481
10,280.25
48,-0.8972366207581018
49,-2.302619763703619
50,-42.74324346216324
51,-0.6134459247284516
52,42.74324346216324
53,0.6134459247284516
54,0.0
55,0.0
56,-0.8972366250213334
57,-2.302619789766846
58,-42.74324412518707
59,-0.6134459342440903
60,42.74324412518707
61,0.6134459342440903
62,0.0
63,0.0
64,-0.9077853469922821
65,-2.436857909498874
66,-46.50512647643648
67,-0.6674360204134904
68,46.50512647643648
69,0.6674360204134904
70,0.0
71,0.0
72,-0.9077853526344241
73,-2.436857948969332
74,-46.50512750528897
75,-0.6674360351794584
76,46.50512750528897
77,0.6674360351794584
78,0.0
79,0.0
80,-0.5635606584424391
81,-0.5529278662518444
82,348.9685263031791
83,1.5025063821514522
84,287.47593640186426
85,1.2377460905557633
86,-636.4444627050434
87,-2.7402524727072155
88,-0.8944746629186693
89,-5.220836810026925
90,-184.169811037062
91,-0.7929549389861171
92,184.169811037062
93,0.7929549389861171
94,0.0
95,0.0
96,-0.768754476324132
97,0.002431765074591861
379,1.0
2,1, 1, 1, 0, 7,15.00,30.00,Tuesday
7,-1.0
8,-1.2440032127040763
9,-7.937984219818816
10,280.5
48,-0.8708306212253649
49,-2.0985960952853846
50,-37.341189721542115
51,-0.5359162946880549
52,37.341189721542115
53,0.5359162946880549
54,0.0
55,0.0
56,-0.8708306210026284
57,-2.0985960941866257
58,-37.34118969489881
59,-0.5359162943056734
60,37.34118969489881
61,0.5359162943056734
62,0.0
63,0.0
64,-0.8779690193298237
65,-2.1930809704768115
66,-39.997740537902146
67,-0.5740427946943703
68,39.997740537902146
69,0.5740427946943703
70,0.0
71,0.0
72,-0.8779690189994055
73,-2.1930809685935957
74,-39.99774049067544
75,-0.5740427940165782
76,39.99774049067544
77,0.5740427940165782
78,0.0
79,0.0
80,-0.572975009568979
81,-0.5635606584424391
82,312.10484452246976
83,1.3437874348243923
84,246.80477402992528
85,1.0626337912297608
86,-558.909618552395
87,-2.406421226054153
88,-0.8593044444446558
89,-4.328671114193649
90,-147.68819212534706
91,-0.63588098785722
92,147.68819212534706
93,0.63588098785722
94,0.0
95,0.0
96,-0.7716749424776067
97,0.002431765074591862
379,1.0
2,1, 1, 1, 0, 7,30.00,45.00,Tuesday
7,-1.0
8,-1.121703671935449
9,-7.878910373683141
10,280.75
48,-0.8510458902197413
49,-1.9576584750405133
50,-33.65645259708493
51,-0.48303338759901265
52,33.65645259708493
53,0.48303338759901265
54,0.0
55,0.0
56,-0.8510458902298161
57,-1.957658475083598
58,-33.65645259808888
59,-0.4830333876134213
60,33.65645259808888
61,0.4830333876134213
62,0.0
63,0.0
64,-0.8542918129954326
65,-2.0009085137669063
66,-34.87313551814636
67,-0.5004950755561406
68,34.87313551814636
69,0.5004950755561406
70,0.0
71,0.0
72,-0.8542918130107419
73,-2.0009085138370324
74,-34.873135519813566
75,-0.5004950755800681
76,34.873135519813566
77,0.5004950755800681
78,0.0
79,0.0
80,-0.5816298308672807
81,-0.572975009568979
82,280.9753451305412
83,1.2097573777156967
84,217.74538236227775
85,0.9375167157599051
86,-498.7207274928189
87,-2.147274093475602
88,-0.8334854121733999
89,-3.7127105654548735
90,-122.56633503680114
91,-0.527717220176223
92,122.56633503680114
93,0.527717220176223
94,0.0
95,0.0
96,-0.7654708392177285
97,0.002431765074591863
379,1.0
2,1, 1, 1, 0, 7,45.00,60.00,Tuesday
7,-1.0
8,-1.0000018695396173
9,-7.819875967085466
10,281.0
48,-0.8343485526508232
49,-1.857073009386484
50,-31.10508381176427
51,-0.4464164475387712
52,31.10508381176427
53,0.4464164475387712
54,0.0
55,0.0
56,-0.8341808951140897
57,-1.854988756226421
58,-31.04679258082293
59,-0.44557985875486145
60,31.04679258082293
61,0.44557985875486145
62,0.0
63,0.0
64,-0.834222172152336
65,-1.8566362679456216
66,-31.09564451160781
67,-0.4462809758303971
68,31.09564451160781
69,0.4462809758303971
70,0.0
71,0.0
72,-0.834222172151717
73,-1.8566362679431407
74,-31.095644511551182
75,-0.44628097582958437
76,31.095644511551182
77,0.44628097582958437
78,0.0
79,0.0
80,-0.5893513414187945
81,-0.5816298308672807
82,251.75312427066672
83,1.0839392307104987
84,196.51587038878006
85,0.8461116897306269
86,-448.2689946594468
87,-1.9300509204411256
88,-0.8128525784336789
89,-3.2842186661886803
90,-105.20409755560226
91,-0.4529629926237172
92,105.20409755560226
93,0.4529629926237172
94,0.0
95,0.0
96,-0.7555130802249077
97,0.0024317650745918637
379,1.0
2,1, 1, 1, 0, 8, 0.00,15.00,Tuesday
7,-1.0
8,-1.0000025149819642
9,-7.819875967085466
10,281.0
48,-0.838256700141845
49,-1.8812149586322051
50,-31.720473514499435
51,-0.45524844704758044
52,31.720473514499435
53,0.45524844704758044
54,0.0
55,0.0
56,-0.837511082256629
57,-1.8718917386878244
58,-31.459594810370398
59,-0.4515043470464174
60,31.459594810370398
61,0.4515043470464174
62,0.0
63,0.0
64,-0.8375095864394253
65,-1.8718911025175273
66,-31.45962095562281
67,-0.45150472227995714
68,31.45962095562281
69,0.45150472227995714
70,0.0
71,0.0
72,-0.8382629574341504
73,-1.8812372438865392
74,-31.7209609880305
75,-0.45525544320947237
76,31.7209609880305
77,0.45525544320947237
78,0.0
79,0.0
80,-0.597420833591947
81,-0.5893513414187945
82,241.19139475300545
83,1.0384650265610489
84,175.89837007750475
85,0.7573417191838061
86,-417.0897648305102
87,-1.795806745744855
88,-0.8178399339985739
89,-3.3534830336103574
90,-107.94031905652376
91,-0.46474396987019484
92,107.94031905652376
93,0.46474396987019484
94,0.0
95,0.0
96,-0.7478329054619495
97,0.0024317650745918637
379,1.0
2,1, 1, 1, 0, 8,15.00,30.00,Tuesday
7,-1.0
8,-1.0000043115094817
9,-7.819875967085466
10,281.0
48,-0.29973646274472854
49,2.972276095676823
50,99.5148049824658
51,1.428224594623467
52,-99.5148049824658
53,-1.428224594623467
54,0.0
55,0.0
56,-0.06258105067997005
57,5.940784966664287
58,182.58603467664528
59,2.62045296080222
60,-182.58603467664528
61,-2.62045296080222
62,0.0
63,0.0
64,-0.6772839350926758
65,-1.7448829486071926
66,-32.469896044843445
67,-0.46600406968876296
68,32.469896044843445
69,0.46600406968876296
70,0.0
71,0.0
72,-0.6784386810790118
73,-1.7590214663419428
74,-32.86478374481719
75,-0.4716714507916668
76,32.86478374481719
77,0.4716714507916668
78,0.0
79,0.0
80,-0.5874219748793978
81,-0.597420833591947
82,-8.289168708158112
83,-0.03568954776144295
84,174.4931692731268
85,0.7512915369534809
86,-166.20400056496868
87,-0.715601989192038
88,-0.6493264398924267
89,-3.2223898341912833
90,-109.53327137238014
91,-0.4716025282805822
92,109.53327137238014
93,0.4716025282805822
94,0.0
95,0.0
96,-0.7102295543334105
97,0.0024317650745918637
379,1.0
2,1, 1, 1, 0, 8,30.00,45.00,Tuesday
7,-1.0
8,-1.0000021003866642
9,-7.819875967085466
10,281.0
48,0.47491860277345016
49,10.479448156909946
50,304.2771962958158
51,4.3669499770343485
52,-304.2771962958158
53,-4.3669499770343485
54,0.0
55,0.0
56,0.8037332320836562
57,15.47352120982088
58,446.166102260589
59,6.403322607607373
60,-446.166102260589
61,-6.403322607607373
62,0.0
63,0.0
64,-0.3207722828423023
65,-0.7080138516393347
66,-11.777543182331504
67,-0.16902989299139554
68,11.777543182331504
69,0.16902989299139554
70,0.0
71,0.0
72,-0.3196718604220331
73,-0.6991081394489176
74,-11.540153540501212
75,-0.16562290520670744
76,11.540153540501212
77,0.16562290520670744
78,0.0
79,0.0
80,-0.5564191862755837
81,-0.5874219748793978
82,-419.86461097949825
83,-1.8077540238919987
84,-43.65434860331189
85,-0.18795659906634654
86,463.5189595828101
87,1.9957106229583452
88,-0.28382755145314154
89,-0.9691243720030082
90,-29.172543040422042
91,-0.12560425596588462
92,29.172543040422042
93,0.12560425596588462
94,0.0
95,0.0
96,-0.5882273597442448
97,0.0024317650745918633
379,1.0
2,1, 1, 1, 0, 8,45.00,60.00,Tuesday
7,-1.0
8,-1.0000010362980332
9,-7.819875967085466
10,281.0
48,1.1437472968031759
49,17.97499186758527
50,511.9045208926648
51,7.3467925397298055
52,-511.9045208926648
53,-7.3467925397298055
54,0.0
55,0.0
56,1.4649601839946003
57,23.194658922523686
58,660.885829037169
59,9.484954479238699
60,-660.885829037169
61,-9.484954479238699
62,0.0
63,0.0
64,-0.04295482273024149
65,0.359649331014787
66,12.244779972481203
67,0.17573561959481201
68,-12.244779972481203
69,-0.17573561959481201
70,0.0
71,0.0
72,-0.03918349502337021
73,0.410618751645385
74,13.68026010251921
75,0.19633745896107327
76,-13.68026010251921
77,-0.19633745896107327
78,0.0
79,0.0
80,-0.516308724564109
81,-0.5564191862755837
82,-762.7140448652102
83,-3.283914260998177
84,-380.0206638206737
85,-1.6362033527457172
86,1142.734708685884
87,4.920117613743894
88,0.029509468442119862
89,1.8559266371322682
90,77.74913273437848
91,0.3347538798918893
92,-77.74913273437848
93,-0.3347538798918893
94,0.0
95,0.0
96,-0.3466581547710069
97,0.0024317650745918633
379,1.0
2,1, 1, 1, 0, 9, 0.00,15.00,Tuesday
7,-0.75
8,-0.8729501144306105
9,-8.352610637864302
10,278.75
48,1.6736979183000702
49,22.984808419913417
50,648.1549100627262
51,9.30224185075431
52,-648.1549100627262
53,-9.30224185075431
54,0.0
55,0.0
56,1.9163922965565232
57,27.105540557728098
58,766.1013312534957
59,10.994994799646252
60,-766.1013312534957
61,-10.994994799646252
62,0.0
63,0.0
64,0.28018646328961366
65,1.5627437253849477
66,39.00762406542657
67,0.5598327613452558
68,-39.00762406542657
69,-0.5598327613452558
70,0.0
71,0.0
72,0.2845388423864801
73,1.6256575355837923
74,40.788708120439736
75,0.5853946669623117
76,-40.788708120439736
77,-0.5853946669623117
78,0.0
79,0.0
80,-0.4664513936731573
81,-0.516308724564109
82,-1080.011011744521
83,-4.650056711791223
84,-622.9233652433207
85,-2.682036519981782
86,1702.934376987842
87,7.332093231773005
88,0.36211132440689575
89,5.049392025399929
90,199.533828104648
91,0.8591057003286351
92,-199.533828104648
93,-0.8591057003286351
94,0.0
95,0.0
96,-0.08593716457965339
97,0.0024317650745918637
379,1.0
2,1, 1, 1, 0, 9,15.00,30.00,Tuesday
7,-0.5
8,-0.7491733674367339
9,-8.888580214180081
10,276.5
48,2.304681133184597
49,28.322459922799126
50,791.3032533024435
51,11.35668977466462
52,-791.3032533024435
53,-11.35668977466462
54,0.0
55,0.0
56,2.4453512052887314
57,30.838732714337496
58,863.5547001166815
59,12.393633909312785
60,-863.5547001166815
61,-12.393633909312785
62,0.0
63,0.0
64,0.6610106487179556
65,2.7314955298375616
66,62.9716101282811
67,0.9037610269557179
68,-62.9716101282811
69,-0.9037610269557179
70,0.0
71,0.0
72,0.664900905796607
73,2.7897080834234274
74,64.62376538337062
75,0.9274725618360911
76,-64.62376538337062
77,-0.9274725618360911
78,0.0
79,0.0
80,-0.40006372129565837
81,-0.4664513936731573
82,-1469.554993639442
83,-6.327263321585352
84,-842.9614237419622
85,-3.6294244999602263
86,2312.516417381404
87,9.956687821545579
88,0.7534170034720548
89,8.336153915575713
90,322.79110642166535
91,1.3897978211333681
92,-322.79110642166535
93,-1.3897978211333681
94,0.0
95,0.0
96,0.2963004432682734
97,0.0024317650745918637
379,1.0
2,1, 1, 1, 0, 9,30.00,45.00,Tuesday
7,-0.25
8,-0.6287388668540048
9,-9.427830904605685
10,274.25
48,1.9009661923758687
49,22.1762589187026
50,616.6516068007285
51,8.850110205230866
52,-616.6516068007285
53,-8.850110205230866
54,0.0
55,0.0
56,1.9052505058042202
57,22.376188393204664
58,622.6019476696541
59,8.935508786646869
60,-622.6019476696541
61,-8.935508786646869
62,0.0
63,0.0
64,0.6153091818593072
65,2.398448739557128
66,54.23230570558136
67,0.7783355737419911
68,-54.23230570558136
69,-0.7783355737419911
70,0.0
71,0.0
72,0.6170761995240962
73,2.4239042737299634
74,54.95276690752716
75,0.7886755468572706
76,-54.95276690752716
77,-0.7886755468572706
78,0.0
79,0.0
80,-0.3591219198745805
81,-0.40006372129565837
82,-1329.8380144220541
83,-5.725702902389649
84,-1141.9516648035692
85,-4.916746168063259
86,2471.7896792256233
87,10.642449070452908
88,0.6480605462823714
89,6.67622046815445
90,256.6139948442442
91,1.104868020870982
92,-256.6139948442442
93,-1.104868020870982
94,0.0
95,0.0
96,0.5680379508842733
97,0.0024317650745918637
379,1.0
2,1, 1, 1, 0, 9,45.00,60.00,Tuesday
7,0.0
8,-0.511704079574549
9,-9.970409963495001
10,272.0
48,1.5307557955092017
49,16.689937225446396
50,461.0504870500135
51,6.616941520248975
52,-461.0504870500135
53,-6.616941520248975
54,0.0
55,0.0
56,1.457960691926646
57,15.62503969759378
58,430.8767400025712
59,6.183891506708804
60,-430.8767400025712
61,-6.183891506708804
62,0.0
63,0.0
64,0.5168614979883985
65,1.9812418628211759
66,44.53758163348439
67,0.6391980518396297
68,-44.53758163348439
69,-0.6391980518396297
70,0.0
71,0.0
72,0.517246931568764
73,1.9853238491566612
74,44.650008380009666
75,0.6408115870770166
76,-44.650008380009666
77,-0.6408115870770166
78,0.0
79,0.0
80,-0.3267313291544405
81,-0.3591219198745805
82,-1148.7238459816758
83,-4.9459042286740065
84,-954.7716934412565
85,-4.110830790644769
86,2103.4955394229323
87,9.056735019318776
88,0.5051421554939443
89,4.7859705568612885
90,182.23147553398385
91,0.7846093111010527
92,-182.23147553398385
93,-0.7846093111010527
94,0.0
95,0.0
96,0.6608683402804328
97,0.0024317650745918637
379,1.0
2,1, 1, 1, 0,10, 0.00,15.00,Tuesday
7,0.5
8,-0.24980506595882404
9,-8.649969208331584
10,277.5
48,0.967846955427739
49,9.542604570731289
50,260.79219337424956
51,3.7428584091435484
52,-260.79219337424956
53,-3.7428584091435484
54,0.0
55,0.0
56,0.881609257943266
57,8.302479698588911
58,225.69793407432678
59,3.239189791483347
60,-225.69793407432678
61,-3.239189791483347
62,0.0
63,0.0
64,0.40054657939956023
65,1.8554114532196626
66,44.24817802774287
67,0.6350445658576637
68,-44.24817802774287
69,-0.6350445658576637
70,0.0
71,0.0
72,0.4007659960273061
73,1.858589409796542
74,44.338158894507295
75,0.6363359605097573
76,-44.338158894507295
77,-0.6363359605097573
78,0.0
79,0.0
80,-0.3037935223039877
81,-0.3267313291544405
82,-915.34724935239
83,-3.941086316884313
84,-794.2638721772165
85,-3.4197540669378164
86,1709.6111215296064
87,7.360840383822129
88,0.35083376094528385
89,3.2696003764894335
90,124.24958377683409
91,0.5349645556349247
92,-124.24958377683409
93,-0.5349645556349247
94,0.0
95,0.0
96,0.5963384927360893
97,0.0024317650745918637
379,1.0
2,1, 1, 1, 0,10,15.00,30.00,Tuesday
7,1.0
8,0.063750154465894
9,-7.349013202905894
10,283.0
48,0.20353968633618044
49,1.483863006072523
50,38.939681068806664
51,0.5588576515731766
52,-38.939681068806664
53,-0.5588576515731766
54,0.0
55,0.0
56,0.1993149897115991
57,1.499482303756435
58,39.543215189909034
59,0.5675195011904747
60,-39.543215189909034
61,-0.5675195011904747
62,0.0
63,0.0
64,0.20078687947222054
65,1.6108238462888416
66,42.88478459829478
67,0.6154773062079172
68,-42.88478459829478
69,-0.6154773062079172
70,0.0
71,0.0
72,0.20087895558473146
73,1.6122752214102054
74,42.92612624150782
75,0.6160706365332835
76,-42.92612624150782
77,-0.6160706365332835
78,0.0
79,0.0
80,-0.2973373024817949
81,-0.3037935223039877
82,-567.9507821255786
83,-2.4453485359599796
84,-617.4720036134829
85,-2.658565332688717
86,1185.4227857390615
87,5.1039138686486965
88,0.10638470101174619
89,1.209129765495545
90,46.94298425382191
91,0.20211603088046165
92,-46.94298425382191
93,-0.20211603088046165
94,0.0
95,0.0
96,0.42852865616860425
97,0.0024317650745918637
379,1.0
2,1, 1, 1, 0,10,30.00,45.00,Tuesday
7,1.5
8,0.3356166947674747
9,-6.066883982506283
10,288.5
48,1.5629726474108783
49,15.055976861267373
50,410.3754673904048
51,5.889659690940933
52,-410.3754673904048
53,-5.889659690940933
54,0.0
55,0.0
56,1.2729893564692745
57,11.241794734193052
58,303.1906832139144
59,4.351356471060788
60,-303.1906832139144
61,-4.351356471060788
62,0.0
63,0.0
64,0.7043614582948783
65,3.763816531757694
66,93.05009365096768
67,1.3354438297672884
68,-93.05009365096768
69,-1.3354438297672884
70,0.0
71,0.0
72,0.704381938822546
73,3.7640169834800585
74,93.05556728470928
75,1.335522386704953
76,-93.05556728470928
77,-1.335522386704953
78,0.0
79,0.0
80,-0.23766398546172282
81,-0.2973373024817949
82,-1103.2101506196734
83,-4.749942092830002
84,-335.12657855891825
85,-1.4429089879466517
86,1438.3367291785917
87,6.192851080776654
88,0.624598063422906
89,7.201290408278163
90,279.9645857687782
91,1.2054054884265497
92,-279.9645857687782
93,-1.2054054884265497
94,0.0
95,0.0
96,0.38277183010419696
97,0.0024317650745918637
379,1.0
2,1, 1, 1, 0,10,45.00,60.00,Tuesday
7,2.0
8,0.597129806575328
9,-4.802957837175882
10,294.0
48,2.7069854920621723
49,28.553247372145968
50,786.0867477119576
51,11.281823109512278
52,-786.0867477119576
53,-11.281823109512278
54,0.0
55,0.0
56,2.119412465022461
57,19.454436192443588
58,527.226431683664
59,7.566690773285984
60,-527.226431683664
61,-7.566690773285984
62,0.0
63,0.0
64,1.2224038064742884
65,5.951483444912826
66,143.82996078498832
67,2.064230417504649
68,-143.82996078498832
69,-2.064230417504649
70,0.0
71,0.0
72,1.2224007655813864
73,5.95147934791636
74,143.8299286647142
75,2.0642299565183113
76,-143.8299286647142
77,-2.0642299565183113
78,0.0
79,0.0
80,-0.15741632352897827
81,-0.23766398546172282
82,-1649.7629561893973
83,-7.1031602676915515
84,-867.4057306317176
85,-3.734671031784181
86,2517.168686821115
87,10.837831299475733
88,1.2466931391107736
89,13.803533761528575
90,534.5347629298506
91,2.301473721117632
92,-534.5347629298506
93,-2.301473721117632
94,0.0
95,0.0
96,0.5590391399614252
97,0.0024317650745918637
379,1.0
2,1, 1, 1, 0,11, 0.00,15.00,Tuesday
7,2.0
8,0.597129806575328
9,-4.802957837175882
10,294.0
48,3.3216339173791516
49,36.36405782004253
50,1004.9504126621616
51,14.422928286841302
52,-1004.9504126621616
53,-14.422928286841302
54,0.0
55,0.0
56,2.4690608930257647
57,22.486925166359335
58,608.8221923840214
59,8.737743384701892
60,-608.8221923840214
61,-8.737743384701892
62,0.0
63,0.0
64,1.476426773184625
65,6.9008069700842
66,164.97679266415102
67,2.3677272227640205
68,-164.97679266415102
69,-2.3677272227640205
70,0.0
71,0.0
72,1.4764270638533576
73,6.900807367042099
74,164.97679589682375
75,2.3677272691589533
76,-164.97679589682375
77,-2.3677272691589533
78,0.0
79,0.0
80,-0.07970287537089696
81,-0.15741632352897827
82,-1921.8378295397174
83,-8.274596093043748
84,-1306.6678668518775
85,-5.625942345274719
86,3228.505696391595
87,13.900538438318467
88,1.5698817493529316
89,17.968252470299532
90,698.0656575434982
91,3.005566481111913
92,-698.0656575434982
93,-3.005566481111913
94,0.0
95,0.0
96,0.833561721000714
97,0.0024317650745918637
379,1.0
2,1, 1, 1, 0,11,15.00,30.00,Tuesday
7,2.0
8,0.597129806575328
9,-4.802957837175882
10,294.0
48,4.10822454442701
49,44.00390205359888
50,1213.3848804308536
51,17.41435487193033
52,-1213.3848804308536
53,-17.41435487193033
54,0.0
55,0.0
56,2.9216806748055446
57,24.38952309619067
58,652.9217458104899
59,9.37065490803444
60,-652.9217458104899
61,-9.37065490803444
62,0.0
63,0.0
64,1.8686481985074754
65,7.715835366518471
66,177.836019981933
67,2.552281317266303
68,-177.836019981933
69,-2.552281317266303
70,0.0
71,0.0
72,1.868648166346593
73,7.715835329188183
74,177.836019824711
75,2.5522813150098713
76,-177.836019824711
77,-2.5522813150098713
78,0.0
79,0.0
80,0.017964032923904954
81,-0.07970287537089696
82,-2341.0344155729904
83,-10.079473892664828
84,-1453.2785634283853
85,-6.257184106907095
86,3794.3129790013754
87,16.336657999571923
88,2.008910859954333
89,21.828926048657017
90,843.722353315915
91,3.6327007310672075
92,-843.722353315915
93,-3.6327007310672075
94,0.0
95,0.0
96,1.258448790622417
97,0.0024317650745918637
379,1.0
2,1, 1, 1, 0,11,30.00,45.00,Tuesday
7,2.0
8,0.597129806575328
9,-4.802957837175882
10,294.0
48,3.7935269216011744
49,38.17865999497625
50,1045.7874934758129
51,15.009017192918739
52,-1045.7874934758129
53,-15.009017192918739
54,0.0
55,0.0
56,2.661644235488934
57,19.389183249977567
58,508.75042596610973
59,7.301525346082823
60,-508.75042596610973
61,-7.301525346082823
62,0.0
63,0.0
64,1.8900598358891314
65,7.286136819868169
66,164.11598034638803
67,2.3553729471986857
68,-164.11598034638803
69,-2.3553729471986857
70,0.0
71,0.0
72,1.8900598380876832
73,7.286136823466807
74,164.11598038897017
75,2.3553729478098195
76,-164.11598038897017
77,-2.3553729478098195
78,0.0
79,0.0
80,0.09416264884815898
81,0.017964032923904954
82,-2264.351885912543
83,-9.74931234074813
84,-1773.240064566144
85,-7.634798880924215
86,4037.591950478687
87,17.384111221672345
88,1.9498972621142288
89,19.230436081847213
90,735.6188550179647
91,3.1672541825023797
92,-735.6188550179647
93,-3.1672541825023797
94,0.0
95,0.0
96,1.5564819169237554
97,0.0024317650745918637
379,1.0
2,1, 1, 1, 0,11,45.00,60.00,Tuesday
7,2.0
8,0.597129806575328
9,-4.802957837175882
10,294.0
48,3.626936642445272
49,34.09570202057451
50,926.6753077878608
51,13.299533331207257
52,-926.6753077878608
53,-13.299533331207257
54,0.0
55,0.0
56,2.3889584590518855
57,14.327141980591376
58,363.08723874947594
59,5.210984681799806
60,-363.08723874947594
61,-5.210984681799806
62,0.0
63,0.0
64,1.8986175716544098
65,6.900958113677064
66,152.1409024589482
67,2.1835080597139873
68,-152.1409024589482
69,-2.1835080597139873
70,0.0
71,0.0
72,1.9399526775405713
73,7.454449738406772
74,167.71760187045686
75,2.4070629891186464
76,-167.71760187045686
77,-2.4070629891186464
78,0.0
79,0.0
80,0.16628116793512918
81,0.09416264884815898
82,-2176.919970685969
83,-9.37286861952405
84,-1640.4438449128593
85,-7.06303623611395
86,3817.3638155988283
87,16.435904855638
88,1.9042574177954397
89,17.092482959924798
90,646.5507354607154
91,2.7837656785427707
92,-646.5507354607154
93,-2.7837656785427707
94,0.0
95,0.0
96,1.6873501217760307
97,0.0024317650745918633
379,1.0
2,1, 1, 1, 0,12, 0.00,15.00,Tuesday
7,1.75
8,0.3439582682984639
9,-5.893472063852641
10,289.25
48,3.1591575478026326
49,27.645120012710503
50,744.7146781975612
51,10.688056109503144
52,-744.7146781975612
53,-10.688056109503144
54,0.0
55,0.0
56,2.049304400946035
57,10.34376744868179
58,252.26733024150852
59,3.6205105917095004
60,-252.26733024150852
61,-3.6205105917095004
62,0.0
63,0.0
64,1.7472820737846069
65,6.0379640291192285
66,130.49655843402144
67,1.872871019563643
68,-130.49655843402144
69,-1.872871019563643
70,0.0
71,0.0
72,1.7938444338833694
73,6.663729426920631
74,148.11240687991975
75,2.125691572344956
76,-148.11240687991975
77,-2.125691572344956
78,0.0
79,0.0
80,0.2229926419209438
81,0.16628116793512918
82,-1913.3128963455392
83,-8.23789144615952
84,-1556.3245733837477
85,-6.700855314890655
86,3469.6374697292867
87,14.938746761050174
88,1.7221041297317532
89,14.34378969054384
90,537.2951606137957
91,2.3133587904714235
92,-537.2951606137957
93,-2.3133587904714235
94,0.0
95,0.0
96,1.6796992659308714
97,0.0024317650745918637
379,1.0
2,1, 1, 1, 0,12,15.00,30.00,Tuesday
7,1.5
8,0.09111725023592929
9,-6.99750132172062
10,284.5
48,2.8107696141525653
49,23.14442029299125
50,618.4265022694075
51,8.875583292996046
52,-618.4265022694075
53,-8.875583292996046
54,0.0
55,0.0
56,1.780305635577434
57,7.683896204405284
58,179.55146982584952
59,2.5769012485253375
60,-179.55146982584952
61,-2.5769012485253375
62,0.0
63,0.0
64,1.603570565538393
65,5.3607006558473405
66,114.26914217322475
67,1.6399770796624775
68,-114.26914217322475
69,-1.6399770796624775
70,0.0
71,0.0
72,1.659027121092184
73,6.055077961798454
74,133.7012417571312
75,1.9188642518354797
76,-133.7012417571312
77,-1.9188642518354797
78,0.0
79,0.0
80,0.2716283301801929
81,0.2229926419209438
82,-1665.6689783150232
83,-7.171644666590128
84,-1336.1125966727234
85,-5.752718518889041
86,3001.7815749877464
87,12.92436318547917
88,1.5489551162663435
89,11.85035961315417
90,438.52263289522983
91,1.8880873344735751
92,-438.52263289522983
93,-1.8880873344735751
94,0.0
95,0.0
96,1.5950152624582845
97,0.002431765074591864
379,1.0
2,1, 1, 1, 0,12,30.00,45.00,Tuesday
7,1.25
8,-0.24042233628741203
9,-8.115443011559535
10,279.75
48,2.561238437828372
49,20.31677807939295
50,540.0159789243373
51,7.750244827644497
52,-540.0159789243373
53,-7.750244827644497
54,0.0
55,0.0
56,1.5712931101971377
57,5.861984391230936
58,130.49684206530898
59,1.872875090206004
60,-130.49684206530898
61,-1.872875090206004
62,0.0
63,0.0
64,1.4789486092410256
65,4.780878936169193
66,100.42472230255174
67,1.441283619316824
68,-100.42472230255174
69,-1.441283619316824
70,0.0
71,0.0
72,1.5440063233138084
73,5.53081224770223
74,121.25449000716768
75,1.7402299574146363
76,-121.25449000716768
77,-1.7402299574146363
78,0.0
79,0.0
80,0.31466908181316355
81,0.2716283301801929
82,-1455.9630072186033
83,-6.268742151897735
84,-1152.8885250344272
85,-4.963835521569271
86,2608.85153225303
87,11.232577673467006
88,1.431788674341236
89,10.16938724901318
90,371.9526529906023
91,1.6014660144193442
92,-371.9526529906023
93,-1.6014660144193442
94,0.0
95,0.0
96,1.4875759774722859
97,0.002431765074591864
379,1.0
2,1, 1, 1, 0,12,45.00,60.00,Tuesday
7,1.0
8,-0.4782829033222397
9,-9.247713211163784
10,275.0
48,2.1888571039257374
49,16.18585443355444
50,425.70388552238524
51,6.109651317077608
52,-425.70388552238524
53,-6.109651317077608
54,0.0
55,0.0
56,1.3572065572805028
57,4.377931544070774
58,91.87215898435026
59,1.3185382521296793
60,-91.87215898435026
61,-1.3185382521296793
62,0.0
63,0.0
64,1.3357293033120423
65,4.211654814018596
66,87.46823590436499
67,1.2553336741096235
68,-87.46823590436499
69,-1.2553336741096235
70,0.0
71,0.0
72,1.4044790240381473
73,4.990268838281966
74,109.0580087029765
75,1.5651875145381178
76,-109.0580087029765
77,-1.5651875145381178
78,0.0
79,0.0
80,0.34843661837742923
81,0.31466908181316355
82,-1219.7146520543895
83,-5.251559699464687
84,-1009.4038305120584
85,-4.346052962366176
86,2229.1184825664477
87,9.597612661830864
88,1.289243204404177
89,8.622686641813553
90,312.17888059172503
91,1.3441062018712198
92,-312.17888059172503
93,-1.3441062018712198
94,0.0
95,0.0
96,1.3775518420190702
97,0.0024317650745918637
379,1.0
2,1, 1, 1, 0,13, 0.00,15.00,Tuesday
7,1.5
8,-0.32146333077008016
9,-7.997097567027481
10,280.25
48,2.1407818927010194
49,15.234300579853315
50,398.2255371644451
51,5.715285343578927
52,-398.2255371644451
53,-5.715285343578927
54,0.0
55,0.0
56,1.4121234270928082
57,4.819291601249029
58,103.62542023896994
59,1.4872196537948947
60,-103.62542023896994
61,-1.4872196537948947
62,0.0
63,0.0
64,1.4115912820436038
65,4.820345851952851
66,103.67366878972231
67,1.4879121112322742
68,-103.67366878972231
69,-1.4879121112322742
70,0.0
71,0.0
72,1.5145024143164203
73,6.077744869431015
74,138.78619806627646
75,1.9918429374148425
76,-138.78619806627646
77,-1.9918429374148425
78,0.0
79,0.0
80,0.38851995863944583
81,0.34843661837742923
82,-1181.6552004283865
83,-5.087692288340129
84,-833.7110707430098
85,-3.58959651155876
86,2015.3662711713964
87,8.67728879989889
88,1.320311383472199
89,8.843895690364455
90,320.27302685418965
91,1.3789560679787858
92,-320.27302685418965
93,-1.3789560679787858
94,0.0
95,0.0
96,1.2947223198945275
97,0.0024317650745918637
379,1.0
2,1, 1, 1, 0,13,15.00,30.00,Tuesday
7,2.0
8,-0.17981063147504708
9,-6.763931550078951
10,285.5
48,1.9617972306104134
49,12.806889634303117
50,329.8420272845589
51,4.733853377809222
52,-329.8420272845589
53,-4.733853377809222
54,0.0
55,0.0
56,1.4545398986595792
57,5.369371374410433
58,119.0654631950752
59,1.7088133060744508
60,-119.0654631950752
61,-1.7088133060744508
62,0.0
63,0.0
64,1.454572253076832
65,5.369431865394831
66,119.06631893903777
67,1.7088255876095877
68,-119.06631893903777
69,-1.7088255876095877
70,0.0
71,0.0
72,1.567198175185691
73,6.90896615264482
74,162.46422929222112
75,2.3316672133616745
76,-162.46422929222112
77,-2.3316672133616745
78,0.0
79,0.0
80,0.4256930898433442
81,0.38851995863944583
82,-1119.498706854158
83,-4.820073516880214
84,-838.9831596330058
85,-3.612295828567099
86,1958.4818664871636
87,8.432369345447313
88,1.3310347909437081
89,9.026754032191123
90,327.60067471516595
91,1.4105057260350833
92,-327.60067471516595
93,-1.4105057260350833
94,0.0
95,0.0
96,1.2454403178642224
97,0.002431765074591864
379,1.0
2,1, 1, 1, 0,13,30.00,45.00,Tuesday
7,2.5
8,0.10282912240340131
9,-5.547657416143238
10,290.75
48,1.9204532070162816
49,11.994892864766094
50,306.40343823503974
51,4.397465547378425
52,-306.40343823503974
53,-4.397465547378425
54,0.0
55,0.0
56,1.4906288271125003
57,5.722322742140071
58,128.70249951076175
59,1.8471229001872884
60,-128.70249951076175
61,-1.8471229001872884
62,0.0
63,0.0
64,1.4906269186815906
65,5.722320151024222
66,128.70247874762057
67,1.8471226021971665
68,-128.70247874762057
69,-1.8471226021971665
70,0.0
71,0.0
72,1.6136680187383572
73,7.442402500306723
74,177.27480101961132
75,2.544226769753517
76,-177.27480101961132
77,-2.544226769753517
78,0.0
79,0.0
80,0.46235148937549747
81,0.4256930898433442
82,-1084.1364492208822
83,-4.667819047561338
84,-798.2557990645248
85,-3.4369415642998327
86,1882.392248285407
87,8.10476061186117
88,1.3499405419955546
89,8.986881119447748
90,325.0985135376943
91,1.399732510530094
92,-325.0985135376943
93,-1.399732510530094
94,0.0
95,0.0
96,1.2260699374760924
97,0.0024317650745918646
379,1.0
2,1, 1, 1, 0,13,45.00,60.00,Tuesday
7,3.0
8,0.24313211104992735
9,-4.347744933698607
10,296.0
48,1.867468642681958
49,11.13695551437854
50,281.92164970461215
51,4.0461058426019525
52,-281.92164970461215
53,-4.0461058426019525
54,0.0
55,0.0
56,1.5216526402486796
57,6.062671083878834
58,138.11027823732903
59,1.9821422167646185
60,-138.11027823732903
61,-1.9821422167646185
62,0.0
63,0.0
64,1.5216527546511458
65,6.062671237825133
66,138.1102794400129
67,1.982142234025394
68,-138.1102794400129
69,-1.982142234025394
70,0.0
71,0.0
72,1.587029721346581
73,7.026670446494252
74,165.44092550759933
75,2.3743884018951276
76,-165.44092550759933
77,-2.3743884018951276
78,0.0
79,0.0
80,0.49730435164190984
81,0.46235148937549747
82,-1042.3054087762773
83,-4.4877128187679425
84,-775.8574130195838
85,-3.340503875953182
86,1818.162821795861
87,7.8282166947211245
88,1.3591204524854297
89,8.92298498818421
90,321.9877243010471
91,1.3863388078626795
92,-321.9877243010471
93,-1.3863388078626795
94,0.0
95,0.0
96,1.2249986149698104
97,0.0024317650745918646
379,1.0
2,1, 1, 1, 0,14, 0.00,15.00,Tuesday
7,2.75
8,0.002972863212235846
9,-4.631981616538496
10,294.75
48,1.7080147792799985
49,9.249740269877398
50,229.37361273153115
51,3.29194269253236
52,-229.37361273153115
53,-3.29194269253236
54,0.0
55,0.0
56,1.4453685902960236
57,5.45141286981648
58,121.83960425259446
59,1.748627447176389
60,-121.83960425259446
61,-1.748627447176389
62,0.0
63,0.0
64,1.4453685854103562
65,5.4514128612381585
66,121.83960414028631
67,1.7486274455645558
68,-121.83960414028631
69,-1.7486274455645558
70,0.0
71,0.0
72,1.5634151203251345
73,7.076442193923723
74,167.67289376079927
75,2.406421343668973
76,-167.67289376079927
77,-2.406421343668973
78,0.0
79,0.0
80,0.5262228961047073
81,0.49730435164190984
82,-939.290641509449
83,-4.044176128184606
84,-746.0474019759224
85,-3.212154960595143
86,1685.3380434853714
87,7.256331088779749
88,1.2895864875788774
89,7.6682687394888225
90,271.5354528942814
91,1.169113315965899
92,-271.5354528942814
93,-1.169113315965899
94,0.0
95,0.0
96,1.2207287364384531
97,0.0024317650745918646
379,1.0
2,1, 1, 1, 0,14,15.00,30.00,Tuesday
7,2.5
8,-0.3969471242793312
9,-4.917123803093546
10,293.5
48,1.4703665156950023
49,6.604898810124216
50,156.16137494374064
51,2.2412094005928567
52,-156.16137494374064
53,-2.2412094005928567
54,0.0
55,0.0
56,1.34676525088539
57,4.841165124027341
58,106.2784802006474
59,1.5252960534717688
60,-106.2784802006474
61,-1.5252960534717688
62,0.0
63,0.0
64,1.346765251039703
65,4.841165124392127
66,106.27848020704872
67,1.5252960535636397
68,-106.27848020704872
69,-1.5252960535636397
70,0.0
71,0.0
72,1.4193867394819129
73,5.853215211999297
74,134.8502085154361
75,1.935354085513041
76,-134.8502085154361
77,-1.935354085513041
78,0.0
79,0.0
80,0.5487636549732331
81,0.5262228961047073
82,-799.6064351525449
83,-3.4427568146426424
84,-661.3197044827119
85,-2.847354422342743
86,1460.9261396352567
87,6.2901112369853855
88,1.1926415237946137
89,6.492060619762769
90,225.59207489437924
91,0.9713011539531075
92,-225.59207489437924
93,-0.9713011539531075
94,0.0
95,0.0
96,1.195758833734386
97,0.0024317650745918646
379,1.0
2,1, 1, 1, 0,14,30.00,45.00,Tuesday
7,2.25
8,-0.6231712931660601
9,-5.2031782530513055
10,292.25
48,1.3340314893542746
49,5.362732506298371
50,122.52868498379438
51,1.7585170515237447
52,-122.52868498379438
53,-1.7585170515237447
54,0.0
55,0.0
56,1.2416471553456594
57,4.118104964955553
58,87.48442521311989
59,1.2555660211351518
60,-87.48442521311989
61,-1.2555660211351518
62,0.0
63,0.0
64,1.241647155342842
65,4.118104964944198
66,87.48442521286024
67,1.2555660211314255
68,-87.48442521286024
69,-1.2555660211314255
70,0.0
71,0.0
72,1.3027324006570167
73,4.932629855303063
74,110.39949598473127
75,1.5844403797727362
76,-110.39949598473127
77,-1.5844403797727362
78,0.0
79,0.0
80,0.5676428334055525
81,0.5487636549732331
82,-675.6930629946992
83,-2.9092398397068564
84,-551.2403379932566
85,-2.3734006464944812
86,1226.9334009879558
87,5.282640486201338
88,1.1007058733238582
89,5.294829856157493
90,178.54053708859627
91,0.768717738789156
92,-178.54053708859627
93,-0.768717738789156
94,0.0
95,0.0
96,1.1522173451976792
97,0.0024317650745918646
379,1.0
2,1, 1, 1, 0,14,45.00,60.00,Tuesday
7,2.0
8,-0.8493479645272494
9,-5.490151805736218
10,291.0
48,1.192494245496258
49,4.181953851933099
50,90.92125547373688
51,1.304890998525443
52,-90.92125547373688
53,-1.304890998525443
54,0.0
55,0.0
56,1.1327804954661127
57,3.4106699198657404
58,69.27960018286254
59,0.9942925467650653
60,-69.27960018286254
61,-0.9942925467650653
62,0.0
63,0.0
64,1.1327804954660714
65,3.410669919865939
66,69.27960018286983
67,0.9942925467651699
68,-69.27960018286983
69,-0.9942925467651699
70,0.0
71,0.0
72,1.1777956869483786
73,3.9876965232560027
74,85.46016518962118
75,1.2265140830643961
76,-85.46016518962118
77,-1.2265140830643961
78,0.0
79,0.0
80,0.5824865458177703
81,0.5676428334055525
82,-554.7568738582112
83,-2.3885413173054886
84,-462.90919435736396
85,-1.993085239653574
86,1017.6660682155751
87,4.381626556959063
88,1.017071376245644
89,4.153687127510922
90,133.52324899396453
91,0.5748929162876243
92,-133.52324899396453
93,-0.5748929162876243
94,0.0
95,0.0
96,1.0961169197777563
97,0.0024317650745918646
379,1.0
2,1, 1, 1, 0,15, 0.00,15.00,Tuesday
7,1.75
8,-0.9632196432944953
9,-5.720397049500946
10,290.0
48,1.0497573043134356
49,3.104170825737831
50,62.48281670303719
51,0.8967459221002483
52,-62.48281670303719
53,-0.8967459221002483
54,0.0
55,0.0
56,1.01921581945462
57,2.74556916388466
58,52.50521302542307
59,0.7535485458878859
60,-52.50521302542307
61,-0.7535485458878859
62,0.0
63,0.0
64,1.019215819454618
65,2.7455691638846673
66,52.50521302542335
67,0.7535485458878899
68,-52.50521302542335
69,-0.7535485458878899
70,0.0
71,0.0
72,1.0460484514921096
73,3.060771872581395
74,61.275684235156824
75,0.879421301106427
76,-61.275684235156824
77,-0.879421301106427
78,0.0
79,0.0
80,0.592977030929227
81,0.5824865458177703
82,-432.48405027993243
83,-1.8620878295475904
84,-376.9776746931812
85,-1.623101567798777
86,809.4617249731136
87,3.4851893973463675
88,0.9281957617495619
89,3.105105749912035
90,92.66933454300667
91,0.39899376615881105
92,-92.66933454300667
93,-0.39899376615881105
94,0.0
95,0.0
96,1.0337443328337697
97,0.0024317650745918646
379,1.0
2,1, 1, 1, 0,15,15.00,30.00,Tuesday
7,1.5
8,-1.0796346546036992
9,-5.951238527387829
10,289.0
48,0.9071211755525755
49,2.182516809810218
50,38.7898107212233
51,0.556706730245832
52,-38.7898107212233
53,-0.556706730245832
54,0.0
55,0.0
56,0.8959106236614817
57,2.050622766984136
58,35.11934985025642
59,0.5040287142416642
60,-35.11934985025642
61,-0.5040287142416642
62,0.0
63,0.0
64,0.8959106236614828
65,2.050622766984136
66,35.11934985025639
67,0.5040287142416637
68,-35.11934985025639
69,-0.5040287142416637
70,0.0
71,0.0
72,0.9064539409686856
73,2.182551289364506
74,38.81115261535341
75,0.5570130265612178
76,-38.81115261535341
77,-0.5570130265612178
78,0.0
79,0.0
80,0.5991050086137836
81,0.592977030929227
82,-309.3346695976884
83,-1.3318602689328074
84,-288.5983448347707
85,-1.2425786920848694
86,597.9330144324591
87,2.5744389610176768
88,0.8345202832859538
89,2.0632469183723305
90,52.30591996356994
91,0.2252064947005822
92,-52.30591996356994
93,-0.2252064947005822
94,0.0
95,0.0
96,0.9695432405258
97,0.0024317650745918646
379,1.0
2,1, 1, 1, 0,15,30.00,45.00,Tuesday
7,1.25
8,-1.1985656430783511
9,-6.1826798545142765
10,288.0
48,0.8658894554919048
49,1.9032661702750528
50,31.55071675971721
51,0.4528121183794375
52,-31.55071675971721
53,-0.4528121183794375
54,0.0
55,0.0
56,0.8562252687760524
57,1.774946551830647
58,27.941937166807108
59,0.40101934471045814
60,-27.941937166807108
61,-0.40101934471045814
62,0.0
63,0.0
64,0.8562252687760525
65,1.774946551830647
66,27.941937166807104
67,0.4010193447104581
68,-27.941937166807104
69,-0.4010193447104581
70,0.0
71,0.0
72,0.8659316946760645
73,1.903356450280044
74,31.552177870526197
75,0.4528330880672466
76,-31.552177870526197
77,-0.4528330880672466
78,0.0
79,0.0
80,0.6061865057365227
81,0.5991050086137836
82,-257.26354472739587
83,-1.1076646995723536
84,-198.47215200519915
85,-0.8545345857582234
86,455.735696732595
87,1.962199285330577
88,0.8033271944687138
89,1.7610449354368256
90,40.769285922777726
91,0.1755347765704017
92,-40.769285922777726
93,-0.1755347765704017
94,0.0
95,0.0
96,0.9109790603366335
97,0.002431765074591865
379,1.0
2,1, 1, 1, 0,15,45.00,60.00,Tuesday
7,1.0
8,-1.3199796117525928
9,-6.414724680562358
10,287.0
48,0.812724644616317
49,1.615502064023869
50,24.41562705224106
51,0.35041016314415635
52,-24.41562705224106
53,-0.35041016314415635
54,0.0
55,0.0
56,0.8035501135074129
57,1.494435324743861
58,21.012543758277033
59,0.3015695181883827
60,-21.012543758277033
61,-0.3015695181883827
62,0.0
63,0.0
64,0.8035501135074131
65,1.494435324743861
66,21.012543758277026
67,0.3015695181883826
68,-21.012543758277026
69,-0.3015695181883826
70,0.0
71,0.0
72,0.8127215037777596
73,1.6154959832157827
74,24.415537636174005
75,0.3504088798554422
76,-24.415537636174005
77,-0.3504088798554422
78,0.0
79,0.0
80,0.611021901283832
81,0.6061865057365227
82,-198.61144222916084
83,-0.8551343087552823
84,-172.9806871894937
85,-0.7447794482914389
86,371.5921294186545
87,1.5999137570467212
88,0.7630039141864168
89,1.4557308685766948
90,29.488837954911183
91,0.1269660840158134
92,-29.488837954911183
93,-0.1269660840158134
94,0.0
95,0.0
96,0.8616778872687648
97,0.002431765074591865
379,1.0
2,1, 1, 1, 0,16, 0.00,15.00,Tuesday
7,1.0
8,-1.3199796117525928
9,-6.414724680562358
10,287.0
48,0.8028801293583794
49,1.592797646716401
50,24.024506718286716
51,0.34479685082837214
52,-24.024506718286716
53,-0.34479685082837214
54,0.0
55,0.0
56,0.7945454181317457
57,1.4852088404008976
58,21.005798281163585
59,0.3014727079065599
60,-21.005798281163585
61,-0.3014727079065599
62,0.0
63,0.0
64,0.7945454181317462
65,1.4852088404008976
66,21.00579828116357
67,0.30147270790655967
68,-21.00579828116357
69,-0.30147270790655967
70,0.0
71,0.0
72,0.8028802710725966
73,1.5927980503902495
74,24.02451468551213
75,0.34479696517303965
76,-24.02451468551213
77,-0.34479696517303965
78,0.0
79,0.0
80,0.6163625896484987
81,0.611021901283832
82,-176.07977776013644
83,-0.7581227816017062
84,-132.14342535598115
85,-0.5689519970755796
86,308.2232031161176
87,1.3270747786772858
88,0.7525028940695597
89,1.4168300664522373
90,28.27988172147855
91,0.12176084537805673
92,-28.27988172147855
93,-0.12176084537805673
94,0.0
95,0.0
96,0.8240151269565773
97,0.002431765074591865
379,1.0
2,1, 1, 1, 0,16,15.00,30.00,Tuesday
7,1.0
8,-1.3199796117525928
9,-6.414724680562358
10,287.0
48,0.7931316111564116
49,1.5681500543014892
50,23.57136711743027
51,0.3382934454018623
52,-23.57136711743027
53,-0.3382934454018623
54,0.0
55,0.0
56,0.7857216610356242
57,1.474637492557369
58,20.952647154964584
59,0.3007098892919555
60,-20.952647154964584
61,-0.3007098892919555
62,0.0
63,0.0
64,0.7857216610356247
65,1.474637492557369
66,20.952647154964573
67,0.30070988929195536
68,-20.952647154964573
69,-0.30070988929195536
70,0.0
71,0.0
72,0.7931316047482656
73,1.5681500324781081
74,23.571366648592186
75,0.3382934386731541
76,-23.571366648592186
77,-0.3382934386731541
78,0.0
79,0.0
80,0.6211633269127925
81,0.6163625896484987
82,-156.5708048265707
83,-0.6741256468101398
84,-121.5140605682497
85,-0.5231865849309116
86,278.08486539482044
87,1.1973122317410514
88,0.7427693535624582
89,1.3727794098228878
90,26.81902926006458
91,0.11547105136738078
92,-26.81902926006458
93,-0.11547105136738078
94,0.0
95,0.0
96,0.796995738777182
97,0.0024317650745918655
379,1.0
2,1, 1, 1, 0,16,30.00,45.00,Tuesday
7,1.0
8,-1.3199796117525928
9,-6.414724680562358
10,287.0
48,1.017398288752893
49,3.5814143261080433
50,77.981838814336
51,1.1191860361704131
52,-77.981838814336
53,-1.1191860361704131
54,0.0
55,0.0
56,0.8307371203790804
57,1.390089326219961
58,17.012106367837422
59,0.24415571859058538
60,-17.012106367837422
61,-0.24415571859058538
62,0.0
63,0.0
64,0.8307371203790804
65,1.3900893262199607
66,17.012106367837415
67,0.24415571859058527
68,-17.012106367837415
69,-0.24415571859058527
70,0.0
71,0.0
72,1.0509899275787975
73,3.977405848986451
74,89.00384840116679
75,1.2773726012434297
76,-89.00384840116679
77,-1.2773726012434297
78,0.0
79,0.0
80,0.632026065468698
81,0.6211633269127925
82,-228.72479779625849
83,-0.9847892934235887
84,-108.21252315815869
85,-0.46591596209621855
86,336.93732095441715
87,1.4507052555198072
88,0.7947272629422348
89,1.2751235515161348
90,20.450089632163014
91,0.08804917312571478
92,-20.450089632163014
93,-0.08804917312571478
94,0.0
95,0.0
96,0.7845759294472455
97,0.0024317650745918655
379,1.0
2,1, 1, 1, 0,16,45.00,60.00,Tuesday
7,1.0
8,-1.3199796117525928
9,-6.414724680562358
10,287.0
48,1.1535058963796518
49,5.334218173387485
50,127.15194685406031
51,1.8248695536631212
52,-127.15194685406031
53,-1.8248695536631212
54,0.0
55,0.0
56,0.8439957632119776
57,1.2157100921996609
58,11.305298588536676
59,0.1622522949882182
60,-11.305298588536676
61,-0.1622522949882182
62,0.0
63,0.0
64,0.8439957632119776
65,1.2157100921996609
66,11.305298588536676
67,0.1622522949882182
68,-11.305298588536676
69,-0.1622522949882182
70,0.0
71,0.0
72,1.1927573193144112
73,5.886117063294526
74,142.7435779342027
75,2.0486387805925075
76,-142.7435779342027
77,-2.0486387805925075
78,0.0
79,0.0
80,0.6425977615468467
81,0.632026065468698
82,-261.88829816067494
83,-1.1275768722344282
84,-176.49071037729735
85,-0.7598920783530758
86,438.37900853797225
87,1.887468950587504
88,0.8214203651688848
89,1.0295630618042853
90,8.860469790701275
91,0.03814932123082851
92,-8.860469790701275
93,-0.03814932123082851
94,0.0
95,0.0
96,0.796169773673243
97,0.0024317650745918655
379,1.0
2,1, 1, 1, 0,17, 0.00,15.00,Tuesday
7,0.75
8,-1.4441871257409025
9,-6.6473766902308284
10,286.0
48,1.2564248770027233
49,6.4481930112251336
50,157.9021425396252
51,2.2661926892040736
52,-157.9021425396252
53,-2.2661926892040736
54,0.0
55,0.0
56,0.8364189004522612
57,0.7582722363015788
58,-2.3767482257882855
59,-0.0341108066472785
60,2.3767482257882855
61,0.0341108066472785
62,0.0
63,0.0
64,0.8364189004522612
65,0.7582722363015788
66,-2.3767482257882855
67,-0.0341108066472785
68,2.3767482257882855
69,0.0341108066472785
70,0.0
71,0.0
72,1.4359330189042887
73,8.916436756304943
74,227.51161779071782
75,3.2652195635466517
76,-227.51161779071782
77,-3.2652195635466517
78,0.0
79,0.0
80,0.654143761025895
81,0.6425977615468467
82,-294.9120888289507
83,-1.2697629219838262
84,-197.73928607579242
85,-0.8513791844735863
86,492.6513749047431
87,2.1211421064574125
88,0.8357687692915304
89,0.38297492324721866
90,-19.27507550898485
91,-0.08299007442161138
92,19.27507550898485
93,0.08299007442161138
94,0.0
95,0.0
96,0.8291035516765881
97,0.0024317650745918655
379,1.0
2,1, 1, 1, 0,17,15.00,30.00,Tuesday
7,0.5
8,-1.570782084202024
9,-6.880639603694988
10,285.0
48,1.211350904584838
49,6.0283850778960035
50,146.50500503646742
51,2.102622333082856
52,-146.50500503646742
53,-2.102622333082856
54,0.0
55,0.0
56,0.781698962782093
57,0.2757115013210119
58,-15.389074049019936
59,-0.22086215261301728
60,15.389074049019936
61,0.22086215261301728
62,0.0
63,0.0
64,0.781698962782093
65,0.2757115013210119
66,-15.389074049019936
67,-0.22086215261301728
68,15.389074049019936
69,0.22086215261301728
70,0.0
71,0.0
72,1.4411799931568978
73,9.328127496376991
74,239.8731755077739
75,3.4426311633831563
76,-239.8731755077739
77,-3.4426311633831563
78,0.0
79,0.0
80,0.6616431096117269
81,0.654143761025895
82,-257.202097987944
83,-1.1074001366928101
84,-220.5136438312881
85,-0.9494356431448878
86,477.7157418192321
87,2.056835779837698
88,0.7951123027071427
89,-0.3824855761465131
90,-50.129409293922436
91,-0.21583538835294275
92,50.129409293922436
93,0.21583538835294275
94,0.0
95,0.0
96,0.866731907681465
97,0.002431765074591866
379,1.0
2,1, 1, 1, 0,17,30.00,45.00,Tuesday
7,0.25
8,-1.6997345404670323
9,-7.114517177073878
10,284.0
48,0.5518825957015713
49,-0.5106317007368856
50,-32.3152497471351
51,-0.4637846044956849
52,32.3152497471351
53,0.4637846044956849
54,0.0
55,0.0
56,0.5462262648896296
57,-0.33513819811972295
58,-26.805768953760662
59,-0.3847131942257313
60,26.805768953760662
61,0.3847131942257313
62,0.0
63,0.0
64,0.5462262648896296
65,-0.33513819811972295
66,-26.805768953760662
67,-0.3847131942257313
68,26.805768953760662
69,0.3847131942257313
70,0.0
71,0.0
72,0.5589734150552547
73,-0.5360015159658802
74,-33.30250565230822
75,-0.4779535833245531
76,33.30250565230822
77,0.4779535833245531
78,0.0
79,0.0
80,0.6470372501470812
81,0.6616431096117269
82,60.2208582399301
83,0.2592847693247933
84,-184.573283813497
85,-0.7946921169145682
86,124.3524255735669
87,0.5354073475897749
88,0.5654131947350906
89,-1.2957345983923867
90,-79.22758791735416
91,-0.34111946354975753
92,79.22758791735416
93,0.34111946354975753
94,0.0
95,0.0
96,0.8316832314760194
97,0.002431765074591866
379,1.0
2,1, 1, 1, 0,17,45.00,60.00,Tuesday
7,0.0
8,-1.8314885163565577
9,-7.349013202905894
10,283.0
48,0.5229022162003089
49,-0.6740331818853461
50,-36.40352553370551
51,-0.5224590502629481
52,36.40352553370551
53,0.5224590502629481
54,0.0
55,0.0
56,0.5303291367758183
57,-0.5797724777113737
58,-33.76256774812192
59,-0.4845563395718363
60,33.76256774812192
61,0.4845563395718363
62,0.0
63,0.0
64,0.5303291367758183
65,-0.5797724777113737
66,-33.76256774812192
67,-0.4845563395718363
68,33.76256774812192
69,0.4845563395718363
70,0.0
71,0.0
72,0.5224341882589394
73,-0.6750570547656684
74,-36.42043097025648
75,-0.5227016750690682
76,36.42043097025648
77,0.5227016750690682
78,0.0
79,0.0
80,0.6437781309496993
81,0.6470372501470812
82,72.56209444840894
83,0.3124207537166015
84,99.23988036835095
85,0.4272836728199678
86,-171.8019748167599
87,-0.7397044265365693
88,0.5605014164578529
89,-1.5252658175434686
90,-88.78945966418351
91,-0.38228871590933305
92,88.78945966418351
93,0.38228871590933305
94,0.0
95,0.0
96,0.7540935784460976
97,0.002431765074591866
379,1.0
2,1, 1, 1, 0,18, 0.00,15.00,Tuesday
7,-0.25
8,-1.9600012611221191
9,-7.643008771424832
10,281.75
48,0.4590313989863374
49,-0.9167209175170533
50,-41.84205318180564
51,-0.6005121494668799
52,41.84205318180564
53,0.6005121494668799
54,0.0
55,0.0
56,0.46570811434885284
57,-0.823539490364386
58,-39.21110376759734
59,-0.5627530777263026
60,39.21110376759734
61,0.5627530777263026
62,0.0
63,0.0
64,0.46570811434885284
65,-0.823539490364386
66,-39.21110376759734
67,-0.5627530777263026
68,39.21110376759734
69,0.5627530777263026
70,0.0
71,0.0
72,0.45906254483764913
73,-0.9166793523300287
74,-41.84173628871829
75,-0.6005076014551414
76,41.84173628871829
77,0.6005076014551414
78,0.0
79,0.0
80,0.63742805080076
81,0.6437781309496993
82,130.6080745010059
83,0.5623414454511106
84,67.68445387634691
85,0.2914197592515677
86,-198.2925283773528
87,-0.8537612047026784
88,0.5066358227298309
89,-1.7648633037460915
90,-96.69591926638455
91,-0.4163304850579036
92,96.69591926638455
93,0.4163304850579036
94,0.0
95,0.0
96,0.6737865313681449
97,0.0024317650745918663
379,1.0
2,1, 1, 1, 0,18,15.00,30.00,Tuesday
7,-0.5
8,-2.0914050964537747
9,-7.937984219818816
10,280.5
48,0.39756726298108874
49,-1.1596825007111446
50,-47.3621062804179
51,-0.6797352921988042
52,47.3621062804179
53,0.6797352921988042
54,0.0
55,0.0
56,0.4043949908844505
57,-1.0655556199319907
58,-44.70699477994128
59,-0.6416294490821296
60,44.70699477994128
61,0.6416294490821296
62,0.0
63,0.0
64,0.4043949908844505
65,-1.0655556199319907
66,-44.70699477994128
67,-0.6416294490821296
68,44.70699477994128
69,0.6416294490821296
70,0.0
71,0.0
72,0.3975651853341468
73,-1.1596856122056767
74,-47.362137723800046
75,-0.6797357434704692
76,47.362137723800046
77,0.6797357434704692
78,0.0
79,0.0
80,0.6290731351293886
81,0.63742805080076
82,182.1489299508297
83,0.7842539057961062
84,103.28148299372909
85,0.4446850522597714
86,-285.4304129445588
87,-1.2289389580558776
88,0.45592140547807203
89,-2.0037441050765015
90,-104.70601324856668
91,-0.4508184586793572
92,104.70601324856668
93,0.4508184586793572
94,0.0
95,0.0
96,0.6049838835520011
97,0.002431765074591867
379,1.0
2,1, 1, 1, 0,18,30.00,45.00,Tuesday
7,-0.75
8,-2.225652482008979
9,-8.233947202588524
10,279.25
48,0.33972544338240135
49,-1.4026211163619549
50,-52.991629771884
51,-0.760529540933343
52,52.991629771884
53,0.760529540933343
54,0.0
55,0.0
56,0.34662823751318206
57,-1.3076809057795165
58,-50.31406476474563
59,-0.7221014477710042
60,50.31406476474563
61,0.7221014477710042
62,0.0
63,0.0
64,0.34662823751318206
65,-1.3076809057795165
66,-50.31406476474563
67,-0.7221014477710042
68,50.31406476474563
69,0.7221014477710042
70,0.0
71,0.0
72,0.3397255798167838
73,-1.4026209131147855
74,-52.99162773984368
75,-0.760529511769743
76,52.99162773984368
77,0.760529511769743
78,0.0
79,0.0
80,0.6194755909728351
81,0.6290731351293886
82,225.93581986769823
83,0.9727811699927074
84,141.57347197984308
85,0.609553667909438
86,-367.5092918475413
87,-1.5823348379021454
88,0.40875061826263065
89,-2.242957855567656
90,-112.88113013773554
91,-0.48601694901581494
92,112.88113013773554
93,0.48601694901581494
94,0.0
95,0.0
96,0.5480459650174415
97,0.002431765074591868
379,1.0
2,1, 1, 1, 0,18,45.00,60.00,Tuesday
7,-1.0
8,-2.3626978511632872
9,-8.530905468618926
10,278.0
48,0.28528951861611246
49,-1.645601602614055
50,-58.7260134063455
51,-0.8428287299151962
52,58.7260134063455
53,0.8428287299151962
54,0.0
55,0.0
56,0.2922535451148463
57,-1.5498984056238019
58,-56.02710529150947
59,-0.804094323020495
60,56.02710529150947
61,0.804094323020495
62,0.0
63,0.0
64,0.2922535451148463
65,-1.5498984056238019
66,-56.02710529150947
67,-0.804094323020495
68,56.02710529150947
69,0.804094323020495
70,0.0
71,0.0
72,0.2852895097628229
73,-1.6456016158175728
74,-58.72601353865309
75,-0.8428287318140589
76,58.72601353865309
77,0.8428287318140589
78,0.0
79,0.0
80,0.6084448612157015
81,0.6194755909728351
82,268.5875217048378
83,1.1564208090707808
84,172.21230910268375
85,0.7414711471344049
86,-440.7998308075215
87,-1.8978919562051857
88,0.3648594322090011
89,-2.4824880948931614
90,-121.20932973069704
91,-0.5218745467562613
92,121.20932973069704
93,0.5218745467562613
94,0.0
95,0.0
96,0.5002742068625806
97,0.002431765074591868
379,1.0
2,1, 1, 1, 0,19, 0.00,15.00,Tuesday
7,-1.25
8,-2.706621006089934
9,-8.888580214180081
10,276.5
48,0.23040198548219987
49,-1.9056454062165822
50,-64.9656246187374
51,-0.9323788847489081
52,64.9656246187374
53,0.9323788847489081
54,0.0
55,0.0
56,0.2372045369771112
57,-1.811877657974538
58,-62.32067004107903
59,-0.8944188125753335
60,62.32067004107903
61,0.8944188125753335
62,0.0
63,0.0
64,0.2372045369771112
65,-1.811877657974538
66,-62.32067004107903
67,-0.8944188125753335
68,62.32067004107903
69,0.8944188125753335
70,0.0
71,0.0
72,0.23040198605900367
73,-1.9056454053609562
74,-64.96562461025731
75,-0.9323788846272029
76,64.96562461025731
77,0.9323788846272029
78,0.0
79,0.0
80,0.5959752473123822
81,0.6084448612157015
82,310.35982293484426
83,1.336274132406622
84,202.49868049261934
85,0.8718710625297916
86,-512.8585034274636
87,-2.2081451949364137
88,0.320079467471416
89,-2.776483758926957
90,-131.81824472352324
91,-0.5675519109967693
92,131.81824472352324
93,0.5675519109967693
94,0.0
95,0.0
96,0.45792153240134303
97,0.0024317650745918676
379,1.0
2,1, 1, 1, 0,19,15.00,30.00,Tuesday
7,-1.5
8,-3.0482854163297906
9,-9.247713211163784
10,275.0
48,0.17681091963785128
49,-2.1662155945009056
50,-71.26067594793902
51,-1.0227247095170624
52,71.26067594793902
53,1.0227247095170624
54,0.0
55,0.0
56,0.18344454065746185
57,-2.0745610381421775
58,-68.67485402683346
59,-0.9856133021672698
60,68.67485402683346
61,0.9856133021672698
62,0.0
63,0.0
64,0.18344454065746185
65,-2.0745610381421775
66,-68.67485402683346
67,-0.9856133021672698
68,68.67485402683346
69,0.9856133021672698
70,0.0
71,0.0
72,0.17681091960024836
73,-2.1662155945567307
74,-71.26067594849322
75,-1.0227247095250163
76,71.26067594849322
77,1.0227247095250163
78,0.0
79,0.0
80,0.582256877427229
81,0.5959752473123822
82,349.18710391757577
83,1.5034474820956376
84,232.5235955601976
85,1.0011452609524838
86,-581.7106994777733
87,-2.5045927430481214
88,0.2764340038547327
89,-3.072587269583877
90,-142.56518389255777
91,-0.6138235471844958
92,142.56518389255777
93,0.6138235471844958
94,0.0
95,0.0
96,0.41816017124772276
97,0.002431765074591867
379,1.0
2,1, 1, 1, 0,19,30.00,45.00,Tuesday
7,-1.75
8,-3.3876698991050533
9,-9.608318407892057
10,273.5
48,0.1233418892824802
49,-2.427272791771846
50,-77.57425072139165
51,-1.1133363805445857
52,77.57425072139165
53,1.1133363805445857
54,0.0
55,0.0
56,0.12979259614164484
57,-2.3378898599967717
58,-75.05195472102112
59,-1.0771366896213677
60,75.05195472102112
61,1.0771366896213677
62,0.0
63,0.0
64,0.12979259614164484
65,-2.3378898599967717
66,-75.05195472102112
67,-1.0771366896213677
68,75.05195472102112
69,1.0771366896213677
70,0.0
71,0.0
72,0.12334188928492278
73,-2.4272727917682038
74,-77.57425072135514
75,-1.1133363805440617
76,77.57425072135514
77,1.1133363805440617
78,0.0
79,0.0
80,0.5673031930353702
81,0.582256877427229
82,386.33973286005
83,1.6634105099684575
84,260.08144125756775
85,1.1197973338980844
86,-646.4211741176177
87,-2.783207843866542
88,0.2327489948682256
89,-3.3709147466631633
90,-153.4051121361988
91,-0.6604955537997413
92,153.4051121361988
93,0.6604955537997413
94,0.0
95,0.0
96,0.3794183886919242
97,0.0024317650745918676
379,1.0
2,1, 1, 1, 0,19,45.00,60.00,Tuesday
7,-2.0
8,-3.7247563447634144
9,-9.970409963495001
10,272.0
48,0.07036506749769005
49,-2.688830932620437
50,-83.91803116813692
51,-1.2043815597873069
52,83.91803116813692
53,1.2043815597873069
54,0.0
55,0.0
56,0.07662121602360383
57,-2.6018933431276774
58,-81.4641903835547
59,-1.1691643299444912
60,81.4641903835547
61,1.1691643299444912
62,0.0
63,0.0
64,0.07662121602360383
65,-2.6018933431276774
66,-81.4641903835547
67,-1.1691643299444912
68,81.4641903835547
69,1.1691643299444912
70,0.0
71,0.0
72,0.076967244192462
73,-2.6022395813897505
74,-81.48524493565067
75,-1.1694665023613247
76,81.48524493565067
77,1.1694665023613247
78,0.0
79,0.0
80,0.5512245550786733
81,0.5673031930353702
82,421.0617292501207
83,1.8129082934212732
84,286.55115664842134
85,1.2337643919872647
86,-707.6128858985421
87,-3.046672685408538
88,0.18951977945709006
89,-3.6716106717883634
90,-164.3652661094549
91,-0.7076852000083308
92,164.3652661094549
93,0.7076852000083308
94,0.0
95,0.0
96,0.3411731632966217
97,0.0024317650745918676
379,1.0
2,1, 1, 1, 0,20, 0.00,15.00,Tuesday
7,-2.5
8,-4.182207886766771
9,-10.577238049846642
10,269.5
48,-0.006726163457879245
49,-3.137756858024941
50,-95.22699054500772
51,-1.3666863939724359
52,95.22699054500772
53,1.3666863939724359
54,0.0
55,0.0
56,0.00045817213525789117
57,-3.038202489445097
58,-92.41765358349848
59,-1.3263671254603866
60,92.41765358349848
61,1.3263671254603866
62,0.0
63,0.0
64,0.00045817213525789117
65,-3.038202489445097
66,-92.41765358349848
67,-1.3263671254603866
68,92.41765358349848
69,1.3263671254603866
70,0.0
71,0.0
72,-0.006998146389129413
73,-3.135795272637808
74,-95.15905892443776
75,-1.3657114474680665
76,95.15905892443776
77,1.3657114474680665
78,0.0
79,0.0
80,0.5328268132384886
81,0.5512245550786733
82,470.6398994951918
83,2.0263702866782047
84,310.97809023087063
85,1.3389361219218259
86,-781.6179897260624
87,-3.3653064086000306
88,0.13389086144881465
89,-4.0190866071531275
90,-176.78896255710453
91,-0.7611762222510889
92,176.78896255710453
93,0.7611762222510889
94,0.0
95,0.0
96,0.3001762110450589
97,0.002431765074591867
379,1.0
2,1, 1, 1, 0,20,15.00,30.00,Tuesday
7,-3.0
8,-4.640011749052226
9,-11.18830284301032
10,267.0
48,-0.08422504510835643
49,-3.5958080475299385
50,-106.80108692318268
51,-1.5327964427311556
52,106.80108692318268
53,1.5327964427311556
54,0.0
55,0.0
56,-0.0764310966691356
57,-3.48680271251766
58,-103.72284953350665
59,-1.4886179473927033
60,103.72284953350665
61,1.4886179473927033
62,0.0
63,0.0
64,-0.0764310966691356
65,-3.48680271251766
66,-103.72284953350665
67,-1.4886179473927033
68,103.72284953350665
69,1.4886179473927033
70,0.0
71,0.0
72,-0.08420141773876236
73,-3.5957254607059346
74,-106.7992937336693
75,-1.5327707070894458
76,106.7992937336693
77,1.5327707070894458
78,0.0
79,0.0
80,0.5127247276990936
81,0.5328268132384886
82,519.534902182187
83,2.2368908581772438
84,349.2463293074277
85,1.503702480811942
86,-868.7812314896147
87,-3.7405933389891857
88,0.07694032787211832
89,-4.395748775940188
90,-190.39883372389974
91,-0.8197743958600268
92,190.39883372389974
93,0.8197743958600268
94,0.0
95,0.0
96,0.2543685489762095
97,0.0024317650745918676
379,1.0
2,1, 1, 1, 0,20,30.00,45.00,Tuesday
7,-3.5
8,-5.098192410650946
9,-11.80367401104263
10,264.5
48,-0.16541174674412354
49,-4.059864918459207
50,-118.44567860813235
51,-1.699918231712437
52,118.44567860813235
53,1.699918231712437
54,0.0
55,0.0
56,-0.15729902351417008
57,-3.9455105763030764
58,-115.21445201603142
59,-1.653544053614484
60,115.21445201603142
61,1.653544053614484
62,0.0
63,0.0
64,-0.15729902351417008
65,-3.9455105763030764
66,-115.21445201603142
67,-1.653544053614484
68,115.21445201603142
69,1.653544053614484
70,0.0
71,0.0
72,-0.16541323003291458
73,-4.059864193146285
74,-118.44561143584471
75,-1.6999172676637881
76,118.44561143584471
77,1.6999172676637881
78,0.0
79,0.0
80,0.490722181045534
81,0.5127247276990936
82,571.2666342443683
83,2.4596251500246638
84,385.08661112847295
85,1.6580151139444865
86,-956.3532453728412
87,-4.11764026396915
88,0.016012031888336532
89,-4.7939424283666
90,-204.75595290471168
91,-0.8815898937417406
92,204.75595290471168
93,0.8815898937417406
94,0.0
95,0.0
96,0.20385131890425742
97,0.002431765074591868
379,1.0
2,1, 1, 1, 0,20,45.00,60.00,Tuesday
7,-4.0
8,-5.556772408335365
9,-12.423423039347256
10,262.0
48,-0.25092448131753015
49,-4.528448313122366
50,-130.0963680088253
51,-1.8671275343817282
52,130.0963680088253
53,1.8671275343817282
54,0.0
55,0.0
56,-0.24280579333264873
57,-4.413157373805996
58,-126.83683721535857
59,-1.8203471377665514
60,126.83683721535857
61,1.8203471377665514
62,0.0
63,0.0
64,-0.24280579333264873
65,-4.413157373805996
66,-126.83683721535857
67,-1.8203471377665514
68,126.83683721535857
69,1.8203471377665514
70,0.0
71,0.0
72,-0.2509243709859664
73,-4.528448153580082
74,-130.09636651213324
75,-1.8671275129013825
76,130.09636651213324
77,1.8671275129013825
78,0.0
79,0.0
80,0.46660755807262955
81,0.490722181045534
82,627.0355411418195
83,2.69974175717746
84,422.8399177232296
85,1.820564397992701
86,-1049.875458865049
87,-4.520306155170161
88,-0.049417973893406304
89,-5.208496671456129
90,-219.61789525422353
91,-0.9455789401691206
92,219.61789525422353
93,0.9455789401691206
94,0.0
95,0.0
96,0.1492994950920195
97,0.0024317650745918685
379,1.0
2,1, 1, 1, 0,21, 0.00,15.00,Tuesday
7,-4.25
8,-5.61017336099839
9,-12.54790461073378
10,261.5
48,-0.3123293381412658
49,-4.792712210815397
50,-136.2661114100476
51,-1.9556749547348522
52,136.2661114100476
53,1.9556749547348522
54,0.0
55,0.0
56,-0.30460781529057207
57,-4.6825759303174035
58,-133.15127476054707
59,-1.9109711911909748
60,133.15127476054707
61,1.9109711911909748
62,0.0
63,0.0
64,-0.30460781529057207
65,-4.6825759303174035
66,-133.15127476054707
67,-1.9109711911909748
68,133.15127476054707
69,1.9109711911909748
70,0.0
71,0.0
72,-0.31232934571639454
73,-4.792712218370634
74,-136.26611140944266
75,-1.9556749547261698
76,136.26611140944266
77,1.9556749547261698
78,0.0
79,0.0
80,0.44181038558225677
81,0.46660755807262955
82,665.6452275890921
83,2.865978239631737
84,464.129355033363
85,1.9983387197377525
86,-1129.774582622455
87,-4.864316959369489
88,-0.10270932933156945
89,-5.529060229031301
90,-230.99546127604475
91,-0.9945657807367542
92,230.99546127604475
93,0.9945657807367542
94,0.0
95,0.0
96,0.09494497692799547
97,0.0024317650745918694
379,1.0
2,1, 1, 1, 0,21,15.00,30.00,Tuesday
7,-4.5
8,-5.669494171820242
9,-12.672564821184324
10,261.0
48,-0.37776462608401884
49,-5.055808929974245
50,-142.27777500510237
51,-2.041953632591605
52,142.27777500510237
53,2.041953632591605
54,0.0
55,0.0
56,-0.3707460781255989
57,-4.955284201123433
58,-139.43388330541694
59,-2.0011384386046203
60,139.43388330541694
61,2.0011384386046203
62,0.0
63,0.0
64,-0.3707460781255989
65,-4.955284201123433
66,-139.43388330541694
67,-2.0011384386046203
68,139.43388330541694
69,2.0011384386046203
70,0.0
71,0.0
72,-0.3777646255525028
73,-5.055808929378034
74,-142.27777500313474
75,-2.0419536325633656
76,142.27777500313474
77,2.0419536325633656
78,0.0
79,0.0
80,0.41549468804921413
81,0.44181038558225677
82,706.7877965356306
83,3.0431202102132744
84,489.2436003827053
85,2.1064697145871882
86,-1196.031396918336
87,-5.149589924800463
88,-0.15978848178501176
89,-5.863150323385699
90,-242.78759773859153
91,-1.0453375809385421
92,242.78759773859153
93,1.0453375809385421
94,0.0
95,0.0
96,0.042999086311817133
97,0.00243176507459187
379,1.0
2,1, 1, 1, 0,21,30.00,45.00,Tuesday
7,-4.75
8,-5.7345808651044194
9,-12.797404270015761
10,260.5
48,-0.4430763571857078
49,-5.321738057485201
50,-148.3793411584393
51,-2.1295225812264675
52,148.3793411584393
53,2.1295225812264675
54,0.0
55,0.0
56,-0.43687671162716674
57,-5.232623095205115
58,-145.85755940293637
59,-2.093330270684165
60,145.85755940293637
61,2.093330270684165
62,0.0
63,0.0
64,-0.43687671162716674
65,-5.232623095205115
66,-145.85755940293637
67,-2.093330270684165
68,145.85755940293637
69,2.093330270684165
70,0.0
71,0.0
72,-0.4430763572232736
73,-5.32173805752857
74,-148.37934115861577
75,-2.129522581229
76,148.37934115861577
77,2.129522581229
78,0.0
79,0.0
80,0.3878605332490636
81,0.41549468804921413
82,745.8851809851755
83,3.211456507710299
84,518.6638786454143
85,2.2331406104489773
86,-1264.54905963059
87,-5.444597118159276
88,-0.21722073397831382
89,-6.215187380278669
90,-255.32869100985505
91,-1.0993340627383348
92,255.32869100985505
93,1.0993340627383348
94,0.0
95,0.0
96,-0.007189047345413556
97,0.00243176507459187
379,1.0
2,1, 1, 1, 0,21,45.00,60.00,Tuesday
7,-5.0
8,-5.805290857210804
9,-12.922423559710637
10,260.0
48,-0.5091175604661085
49,-5.591739706060314
50,-154.58258261159298
51,-2.218550761619756
52,154.58258261159298
53,2.218550761619756
54,0.0
55,0.0
56,-0.503906444153399
57,-5.516421750683952
58,-152.4503571715042
59,-2.1879493167859625
60,152.4503571715042
61,2.1879493167859625
62,0.0
63,0.0
64,-0.503906444153399
65,-5.516421750683952
66,-152.4503571715042
67,-2.1879493167859625
68,152.4503571715042
69,2.1879493167859625
70,0.0
71,0.0
72,-0.509117560463436
73,-5.591739706057051
74,-154.58258261157505
75,-2.2185507616194986
76,154.58258261157505
77,2.2185507616194986
78,0.0
79,0.0
80,0.35894137599426557
81,0.3878605332490636
82,783.8525514519059
83,3.3749274574950654
84,546.7246357060451
85,2.353958000539251
86,-1330.577187157951
87,-5.728885458034316
88,-0.27589412812926706
89,-6.591750669690499
90,-268.861012149434
91,-1.1575983397289646
92,268.861012149434
93,1.1575983397289646
94,0.0
95,0.0
96,-0.05711306703418253
97,0.00243176507459187
379,1.0
2,1, 1, 1, 0,22, 0.00,15.00,Tuesday
7,-5.25
8,-5.843975927867026
9,-13.110291021655087
10,259.25
48,-0.5732991471267502
49,-5.84937499372819
50,-160.46627253794168
51,-2.3029927766689755
52,160.46627253794168
53,2.3029927766689755
54,0.0
55,0.0
56,-0.568652855752334
57,-5.782380639128269
58,-158.5700220675848
59,-2.275778016414889
60,158.5700220675848
61,2.275778016414889
62,0.0
63,0.0
64,-0.568652855752334
65,-5.782380639128269
66,-158.5700220675848
67,-2.275778016414889
68,158.5700220675848
69,2.275778016414889
70,0.0
71,0.0
72,-0.5732991471269356
73,-5.849374993728424
74,-160.46627253794315
75,-2.302992776668997
76,160.46627253794315
77,2.302992776668997
78,0.0
79,0.0
80,0.3289464804299253
81,0.35894137599426557
82,818.3708475759489
83,3.5235481963817286
84,573.9560934097464
85,2.471204789034875
86,-1392.3269409856953
87,-5.9947529854166035
88,-0.332058683210463
89,-6.9112803214575775
90,-280.0722557858033
91,-1.2058690685936793
92,280.0722557858033
93,1.2058690685936793
94,0.0
95,0.0
96,-0.10729930160053214
97,0.00243176507459187
379,1.0
2,1, 1, 1, 0,22,15.00,30.00,Tuesday
7,-5.5
8,-5.88944464578495
9,-13.298566546768257
10,258.5
48,-0.6386778721557692
49,-6.108224501045691
50,-166.3504819734126
51,-2.387442247651065
52,166.3504819734126
53,2.387442247651065
54,0.0
55,0.0
56,-0.6346780916191674
57,-6.050308282633566
58,-164.7106704798038
59,-2.3639078689610704
60,164.7106704798038
61,2.3639078689610704
62,0.0
63,0.0
64,-0.6346780916191674
65,-6.050308282633566
66,-164.7106704798038
67,-2.3639078689610704
68,164.7106704798038
69,2.3639078689610704
70,0.0
71,0.0
72,-0.6386778721557097
73,-6.108224501045681
74,-166.35048197341408
75,-2.3874422476510864
76,166.35048197341408
77,2.3874422476510864
78,0.0
79,0.0
80,0.2977526172996275
81,0.3289464804299253
82,852.7585536811903
83,3.6716066715629125
84,598.2662772217767
85,2.5758738453414516
86,-1451.024830902967
87,-6.247480516904364
88,-0.38971657663470843
89,-7.240147226110485
90,-291.6174086535346
91,-1.2555774650798708
92,291.6174086535346
93,1.2555774650798708
94,0.0
95,0.0
96,-0.1579268096088321
97,0.00243176507459187
379,1.0
2,1, 1, 1, 0,22,30.00,45.00,Tuesday
7,-5.75
8,-5.941515092090999
9,-13.487252209199369
10,257.75
48,-0.7050768072738144
49,-6.368654732497411
50,-172.25173885136772
51,-2.4721363814914663
52,172.25173885136772
53,2.4721363814914663
54,0.0
55,0.0
56,-0.7017896340512826
57,-6.320808511006295
58,-170.89652247628393
59,-2.4526864779492534
60,170.89652247628393
61,2.4526864779492534
62,0.0
63,0.0
64,-0.7017896340512826
65,-6.320808511006295
66,-170.89652247628393
67,-2.4526864779492534
68,170.89652247628393
69,2.4526864779492534
70,0.0
71,0.0
72,-0.7050768072738244
73,-6.368654732497417
74,-172.25173885136755
75,-2.472136381491464
76,172.25173885136755
77,2.472136381491464
78,0.0
79,0.0
80,0.26536389497918766
81,0.2977526172996275
82,886.9338078992195
83,3.8187504215113712
84,622.9500943330789
85,2.6821516037928532
86,-1509.8839022322984
87,-6.5009020253042245
88,-0.44866378170985804
89,-7.58042758571948
90,-303.59353828558375
91,-1.3071414596791828
92,303.59353828558375
93,1.3071414596791828
94,0.0
95,0.0
96,-0.2092610468062767
97,0.00243176507459187
379,1.0
2,1, 1, 1, 0,22,45.00,60.00,Tuesday
7,-6.0
8,-6.0000025543643085
9,-13.676350099713034
10,257.0
48,-0.7727090779296655
49,-6.6310327129619955
50,-178.17472386036692
51,-2.557142354873309
52,178.17472386036692
53,2.557142354873309
54,0.0
55,0.0
56,-0.7702170533104888
57,-6.594463172205456
58,-177.13829221099317
59,-2.54226761163744
60,177.13829221099317
61,2.54226761163744
62,0.0
63,0.0
64,-0.7702170533104888
65,-6.594463172205456
66,-177.13829221099317
67,-2.54226761163744
68,177.13829221099317
69,2.54226761163744
70,0.0
71,0.0
72,-0.7727090779296661
73,-6.6310327129619955
74,-178.1747238603669
75,-2.5571423548733088
76,178.1747238603669
77,2.5571423548733088
78,0.0
79,0.0
80,0.23177156066069485
81,0.26536389497918766
82,921.1786833373624
83,3.966193930090393
84,647.6139083820466
85,2.788343237775843
86,-1568.7925917194088
87,-6.754537167866236
88,-0.5091544585773448
89,-7.934778693058613
90,-316.10294413534757
91,-1.3610015092524317
92,316.10294413534757
93,1.3610015092524317
94,0.0
95,0.0
96,-0.2615993551865154
97,0.00243176507459187
379,1.0
2,1, 1, 1, 0,23, 0.00,15.00,Tuesday
7,-6.25
8,-6.436349791285477
9,-14.119193490716157
10,255.25
48,-0.8304925333781935
49,-6.840431155929248
50,-182.7859335198504
51,-2.623321885123105
52,182.7859335198504
53,2.623321885123105
54,0.0
55,0.0
56,-0.8264530880572816
57,-6.783658318958078
58,-181.18210312725833
59,-2.6003039028971617
60,181.18210312725833
61,2.6003039028971617
62,0.0
63,0.0
64,-0.8264530880572816
65,-6.783658318958078
66,-181.18210312725833
67,-2.6003039028971617
68,181.18210312725833
69,2.6003039028971617
70,0.0
71,0.0
72,-0.8304925333781934
73,-6.840431155929248
74,-182.7859335198504
75,-2.623321885123105
76,182.7859335198504
77,2.623321885123105
78,0.0
79,0.0
80,0.19785455368655605
81,0.23177156066069485
82,943.6097916230415
83,4.062772506144219
84,672.517797270455
85,2.8955685293848514
86,-1616.1275888934965
87,-6.95834103552907
88,-0.5549643967417671
89,-7.980384647530723
90,-316.0942607110779
91,-1.3609641222120519
92,316.0942607110779
93,1.3609641222120519
94,0.0
95,0.0
96,-0.3127328443533559
97,0.00243176507459187
379,1.0
2,1, 1, 1, 0,23,15.00,30.00,Tuesday
7,-6.5
8,-6.868620724751086
9,-14.564319879412608
10,253.5
48,-0.890914597052062
49,-7.058216583571971
50,-187.57197397572807
51,-2.6920105660801927
52,187.57197397572807
53,2.6920105660801927
54,0.0
55,0.0
56,-0.8858463799337835
57,-6.986133436966438
58,-185.53378569870785
59,-2.6627587313785477
60,185.53378569870785
61,2.6627587313785477
62,0.0
63,0.0
64,-0.8858463799337835
65,-6.986133436966438
66,-185.53378569870785
67,-2.6627587313785477
68,185.53378569870785
69,2.6627587313785477
70,0.0
71,0.0
72,-0.8909145970520623
73,-7.058216583571971
74,-187.57197397572807
75,-2.6920105660801927
76,187.57197397572807
77,2.6920105660801927
78,0.0
79,0.0
80,0.16306007730624064
81,0.19785455368655605
82,967.419562237277
83,4.165287001317834
84,686.7020740293176
85,2.956639843128137
86,-1654.1216362665946
87,-7.121926844445971
88,-0.604523518618537
89,-8.07458051501383
90,-317.99441162866185
91,-1.369145343914093
92,317.99441162866185
93,1.369145343914093
94,0.0
95,0.0
96,-0.36190820401061935
97,0.0024317650745918694
379,1.0
2,1, 1, 1, 0,23,30.00,45.00,Tuesday
7,-6.75
8,-7.296742993674179
9,-15.01175691835789
10,251.75
48,-0.9517436659142046
49,-7.282173159341946
50,-192.53332474910044
51,-2.7632152797741307
52,192.53332474910044
53,2.7632152797741307
54,0.0
55,0.0
56,-0.9458731572314072
57,-7.198247347623554
58,-190.15935517510172
59,-2.729144352005442
60,190.15935517510172
61,2.729144352005442
62,0.0
63,0.0
64,-0.9458731572314072
65,-7.198247347623554
66,-190.15935517510172
67,-2.729144352005442
68,190.15935517510172
69,2.729144352005442
70,0.0
71,0.0
72,-0.9517436659142048
73,-7.282173159341946
74,-192.53332474910044
75,-2.7632152797741307
76,192.53332474910044
77,2.7632152797741307
78,0.0
79,0.0
80,0.12748404843373573
81,0.16306007730624064
82,990.250967048972
83,4.263589079750123
84,703.6371437761663
85,3.0295548725904613
86,-1693.8881108251385
87,-7.293143952340584
88,-0.655034578989825
89,-8.201818668098754
90,-321.26062321382443
91,-1.3832082274759767
92,321.26062321382443
93,1.3832082274759767
94,0.0
95,0.0
96,-0.4101417541083195
97,0.002431765074591869
379,1.0
2,1, 1, 1, 0,23,45.00,60.00,Tuesday
7,-7.0
8,-7.720654968200515
9,-15.461532790110311
10,250.0
48,-1.0133363144281162
49,-7.510725099340762
50,-197.61121520198614
51,-2.836092557028434
52,197.61121520198614
53,2.836092557028434
54,0.0
55,0.0
56,-1.0068321590378464
57,-7.4173987293621355
58,-194.9706092756219
59,-2.798194896178811
60,194.9706092756219
61,2.798194896178811
62,0.0
63,0.0
64,-1.0068321590378464
65,-7.4173987293621355
66,-194.9706092756219
67,-2.798194896178811
68,194.9706092756219
69,2.798194896178811
70,0.0
71,0.0
72,-1.0133363144281162
73,-7.510725099340762
74,-197.61121520198614
75,-2.836092557028434
76,197.61121520198614
77,2.836092557028434
78,0.0
79,0.0
80,0.0911382407488865
81,0.12748404843373573
82,1012.6750986010346
83,4.360137617029689
84,720.0629536661369
85,3.10027725106148
86,-1732.7380522671715
87,-7.460414868091169
88,-0.706703201308304
89,-8.352598279708376
90,-325.47969955297145
91,-1.4013737313783121
92,325.47969955297145
93,1.4013737313783121
94,0.0
95,0.0
96,-0.45864225825565275
97,0.0024317650745918685
379,1.0
2,1, 1, 1, 0,24, 0.00,15.00,Tuesday
7,-7.0
8,-7.720793544400088
9,-15.461532790110311
10,250.0
48,-1.0486928849666237
49,-7.512602012040186
50,-196.59296678109888
51,-2.8214787773159182
52,196.59296678109888
53,2.8214787773159182
54,0.0
55,0.0
56,-1.042209080611436
57,-7.419096431161065
58,-193.94629138930742
59,-2.783494008223447
60,193.94629138930742
61,2.783494008223447
62,0.0
63,0.0
64,-1.042209080611436
65,-7.419096431161065
66,-193.94629138930742
67,-2.783494008223447
68,193.94629138930742
69,2.783494008223447
70,0.0
71,0.0
72,-1.0486928849666237
73,-7.512602012040186
74,-196.59296678109888
75,-2.8214787773159182
76,196.59296678109888
77,2.8214787773159182
78,0.0
79,0.0
80,0.05529531564932333
81,0.0911382407488865
82,1017.7093269704338
83,4.381812810303877
84,736.3965292369129
85,3.170602508752837
86,-1754.1058562073467
87,-7.552415319056714
88,-0.7435957604359581
89,-8.352887351302938
90,-323.92151807092125
91,-1.3946648810240063
92,323.92151807092125
93,1.3946648810240063
94,0.0
95,0.0
96,-0.5042087300077711
97,0.0024317650745918685
379,1.0
2,1, 1, 1, 0,24,15.00,30.00,Tuesday
7,-7.0
8,-7.72093286375277
9,-15.461532790110311
10,250.0
48,-1.0850303362169036
49,-7.513622448638025
50,-195.51883709395733
51,-2.8060629963448247
52,195.51883709395733
53,2.8060629963448247
54,0.0
55,0.0
56,-1.0785203359592976
57,-7.4199248709765335
58,-192.86711904357583
59,-2.7680058556185867
60,192.86711904357583
61,2.7680058556185867
62,0.0
63,0.0
64,-1.0785203359592976
65,-7.4199248709765335
66,-192.86711904357583
67,-2.7680058556185867
68,192.86711904357583
69,2.7680058556185867
70,0.0
71,0.0
72,-1.0850303362169036
73,-7.513622448638025
74,-195.51883709395733
75,-2.8060629963448247
76,195.51883709395733
77,2.8060629963448247
78,0.0
79,0.0
80,0.019356747327632935
81,0.05529531564932333
82,1021.8563929332362
83,4.399668268910194
84,737.0675585317402
85,3.173491668439441
86,-1758.9239514649764
87,-7.573159937349635
88,-0.7808859623755819
89,-8.353193545309576
90,-322.34713813673943
91,-1.387886287194647
92,322.34713813673943
93,1.387886287194647
94,0.0
95,0.0
96,-0.5451351793160374
97,0.0024317650745918685
379,1.0
2,1, 1, 1, 0,24,30.00,45.00,Tuesday
7,-7.0
8,-7.721069713298069
9,-15.461532790110311
10,250.0
48,-1.1191166838090172
49,-7.514469370369923
50,-194.50789507489483
51,-2.79155407723859
52,194.50789507489483
53,2.79155407723859
54,0.0
55,0.0
56,-1.1125889774549835
57,-7.420614822130936
58,-191.85194144245892
59,-2.753436147944623
60,191.85194144245892
61,2.753436147944623
62,0.0
63,0.0
64,-1.1125889774549835
65,-7.420614822130936
66,-191.85194144245892
67,-2.753436147944623
68,191.85194144245892
69,2.753436147944623
70,0.0
71,0.0
72,-1.1191166838090172
73,-7.514469370369923
74,-194.50789507489483
75,-2.79155407723859
76,194.50789507489483
77,2.79155407723859
78,0.0
79,0.0
80,-0.01648793254623742
81,0.019356747327632935
82,1022.4197928083714
83,4.40209402322409
84,739.199065600434
85,3.182669008895442
86,-1761.6188584088054
87,-7.5847630321195325
88,-0.8161175972245103
89,-8.353456105300191
90,-320.8585323081448
91,-1.3814769992807332
92,320.8585323081448
93,1.3814769992807332
94,0.0
95,0.0
96,-0.582342439007882
97,0.0024317650745918685
379,1.0
2,1, 1, 1, 0,24,45.00,60.00,Tuesday
7,-7.0
8,-7.721207363976141
9,-15.461532790110311
10,250.0
48,-1.1516489974830675
49,-7.515298220812589
50,-193.5436677363965
51,-2.777715601648005
52,193.5436677363965
53,2.777715601648005
54,0.0
55,0.0
56,-1.1451051818418918
57,-7.421289814913093
58,-190.88352463271997
59,-2.739537545563202
60,190.88352463271997
61,2.739537545563202
62,0.0
63,0.0
64,-1.1451051818418918
65,-7.421289814913093
66,-190.88352463271997
67,-2.739537545563202
68,190.88352463271997
69,2.739537545563202
70,0.0
71,0.0
72,-1.1516489974830677
73,-7.515298220812589
74,-193.5436677363965
75,-2.777715601648005
76,193.5436677363965
77,2.777715601648005
78,0.0
79,0.0
80,-0.05216201757210937
81,-0.01648793254623742
82,1020.3837377470153
83,4.39332765751052
84,739.0336828727505
85,3.1819569429493395
86,-1759.4174206197658
87,-7.5752846004598595
88,-0.8498911871786573
89,-8.35371587378452
90,-319.431875464045
91,-1.3753344366946227
92,319.431875464045
93,1.3753344366946227
94,0.0
95,0.0
96,-0.6173991643132447
97,0.0024317650745918685
379,1.0
End of Data
 Number of Records Written=        5280
