decoy,selected,extra
-1,1,10001
-2,2,10002
-3,3,10003
-4,4,10004
-5,5,10005
-6,6,10006
-7,7,10007
-8,8,10008
-9,9,10009
-10,10,10010
-11,11,10011
-12,12,10012
-13,13,10013
-14,14,10014
-15,15,10015
-16,16,10016
-17,17,10017
-18,18,10018
-19,19,10019
-20,20,10020
-21,21,10021
-22,22,10022
-23,23,10023
-24,24,10024
-25,25,10025
-26,26,10026
-27,27,10027
-28,28,10028
-29,29,10029
-30,30,10030
-31,31,10031
-32,32,10032
-33,33,10033
-34,34,10034
-35,35,10035
-36,36,10036
-37,37,10037
-38,38,10038
-39,39,10039
-40,40,10040
-41,41,10041
-42,42,10042
-43,43,10043
-44,44,10044
-45,45,10045
-46,46,10046
-47,47,10047
-48,48,10048
-49,49,10049
-50,50,10050
-51,51,10051
-52,52,10052
-53,53,10053
-54,54,10054
-55,55,10055
-56,56,10056
-57,57,10057
-58,58,10058
-59,59,10059
-60,60,10060
-61,61,10061
-62,62,10062
-63,63,10063
-64,64,10064
-65,65,10065
-66,66,10066
-67,67,10067
-68,68,10068
-69,69,10069
-70,70,10070
-71,71,10071
-72,72,10072
-73,73,10073
-74,74,10074
-75,75,10075
-76,76,10076
-77,77,10077
-78,78,10078
-79,79,10079
-80,80,10080
-81,81,10081
-82,82,10082
-83,83,10083
-84,84,10084
-85,85,10085
-86,86,10086
-87,87,10087
-88,88,10088
-89,89,10089
-90,90,10090
-91,91,10091
-92,92,10092
-93,93,10093
-94,94,10094
-95,95,10095
-96,96,10096
-97,97,10097
-98,98,10098
-99,99,10099
-100,100,10100
-101,101,10101
-102,102,10102
-103,103,10103
-104,104,10104
-105,105,10105
-106,106,10106
-107,107,10107
-108,108,10108
-109,109,10109
-110,110,10110
-111,111,10111
-112,112,10112
-113,113,10113
-114,114,10114
-115,115,10115
-116,116,10116
-117,117,10117
-118,118,10118
-119,119,10119
-120,120,10120
-121,121,10121
-122,122,10122
-123,123,10123
-124,124,10124
-125,125,10125
-126,126,10126
-127,127,10127
-128,128,10128
-129,129,10129
-130,130,10130
-131,131,10131
-132,132,10132
-133,133,10133
-134,134,10134
-135,135,10135
-136,136,10136
-137,137,10137
-138,138,10138
-139,139,10139
-140,140,10140
-141,141,10141
-142,142,10142
-143,143,10143
-144,144,10144
-145,145,10145
-146,146,10146
-147,147,10147
-148,148,10148
-149,149,10149
-150,150,10150
-151,151,10151
-152,152,10152
-153,153,10153
-154,154,10154
-155,155,10155
-156,156,10156
-157,157,10157
-158,158,10158
-159,159,10159
-160,160,10160
-161,161,10161
-162,162,10162
-163,163,10163
-164,164,10164
-165,165,10165
-166,166,10166
-167,167,10167
-168,168,10168
-169,169,10169
-170,170,10170
-171,171,10171
-172,172,10172
-173,173,10173
-174,174,10174
-175,175,10175
-176,176,10176
-177,177,10177
-178,178,10178
-179,179,10179
-180,180,10180
-181,181,10181
-182,182,10182
-183,183,10183
-184,184,10184
-185,185,10185
-186,186,10186
-187,187,10187
-188,188,10188
-189,189,10189
-190,190,10190
-191,191,10191
-192,192,10192
-193,193,10193
-194,194,10194
-195,195,10195
-196,196,10196
-197,197,10197
-198,198,10198
-199,199,10199
-200,200,10200
-201,201,10201
-202,202,10202
-203,203,10203
-204,204,10204
-205,205,10205
-206,206,10206
-207,207,10207
-208,208,10208
-209,209,10209
-210,210,10210
-211,211,10211
-212,212,10212
-213,213,10213
-214,214,10214
-215,215,10215
-216,216,10216
-217,217,10217
-218,218,10218
-219,219,10219
-220,220,10220
-221,221,10221
-222,222,10222
-223,223,10223
-224,224,10224
-225,225,10225
-226,226,10226
-227,227,10227
-228,228,10228
-229,229,10229
-230,230,10230
-231,231,10231
-232,232,10232
-233,233,10233
-234,234,10234
-235,235,10235
-236,236,10236
-237,237,10237
-238,238,10238
-239,239,10239
-240,240,10240
-241,241,10241
-242,242,10242
-243,243,10243
-244,244,10244
-245,245,10245
-246,246,10246
-247,247,10247
-248,248,10248
-249,249,10249
-250,250,10250
-251,251,10251
-252,252,10252
-253,253,10253
-254,254,10254
-255,255,10255
-256,256,10256
-257,257,10257
-258,258,10258
-259,259,10259
-260,260,10260
-261,261,10261
-262,262,10262
-263,263,10263
-264,264,10264
-265,265,10265
-266,266,10266
-267,267,10267
-268,268,10268
-269,269,10269
-270,270,10270
-271,271,10271
-272,272,10272
-273,273,10273
-274,274,10274
-275,275,10275
-276,276,10276
-277,277,10277
-278,278,10278
-279,279,10279
-280,280,10280
-281,281,10281
-282,282,10282
-283,283,10283
-284,284,10284
-285,285,10285
-286,286,10286
-287,287,10287
-288,288,10288
-289,289,10289
-290,290,10290
-291,291,10291
-292,292,10292
-293,293,10293
-294,294,10294
-295,295,10295
-296,296,10296
-297,297,10297
-298,298,10298
-299,299,10299
-300,300,10300
-301,301,10301
-302,302,10302
-303,303,10303
-304,304,10304
-305,305,10305
-306,306,10306
-307,307,10307
-308,308,10308
-309,309,10309
-310,310,10310
-311,311,10311
-312,312,10312
-313,313,10313
-314,314,10314
-315,315,10315
-316,316,10316
-317,317,10317
-318,318,10318
-319,319,10319
-320,320,10320
-321,321,10321
-322,322,10322
-323,323,10323
-324,324,10324
-325,325,10325
-326,326,10326
-327,327,10327
-328,328,10328
-329,329,10329
-330,330,10330
-331,331,10331
-332,332,10332
-333,333,10333
-334,334,10334
-335,335,10335
-336,336,10336
-337,337,10337
-338,338,10338
-339,339,10339
-340,340,10340
-341,341,10341
-342,342,10342
-343,343,10343
-344,344,10344
-345,345,10345
-346,346,10346
-347,347,10347
-348,348,10348
-349,349,10349
-350,350,10350
-351,351,10351
-352,352,10352
-353,353,10353
-354,354,10354
-355,355,10355
-356,356,10356
-357,357,10357
-358,358,10358
-359,359,10359
-360,360,10360
-361,361,10361
-362,362,10362
-363,363,10363
-364,364,10364
-365,365,10365
-366,366,10366
-367,367,10367
-368,368,10368
-369,369,10369
-370,370,10370
-371,371,10371
-372,372,10372
-373,373,10373
-374,374,10374
-375,375,10375
-376,376,10376
-377,377,10377
-378,378,10378
-379,379,10379
-380,380,10380
-381,381,10381
-382,382,10382
-383,383,10383
-384,384,10384
-385,385,10385
-386,386,10386
-387,387,10387
-388,388,10388
-389,389,10389
-390,390,10390
-391,391,10391
-392,392,10392
-393,393,10393
-394,394,10394
-395,395,10395
-396,396,10396
-397,397,10397
-398,398,10398
-399,399,10399
-400,400,10400
-401,401,10401
-402,402,10402
-403,403,10403
-404,404,10404
-405,405,10405
-406,406,10406
-407,407,10407
-408,408,10408
-409,409,10409
-410,410,10410
-411,411,10411
-412,412,10412
-413,413,10413
-414,414,10414
-415,415,10415
-416,416,10416
-417,417,10417
-418,418,10418
-419,419,10419
-420,420,10420
-421,421,10421
-422,422,10422
-423,423,10423
-424,424,10424
-425,425,10425
-426,426,10426
-427,427,10427
-428,428,10428
-429,429,10429
-430,430,10430
-431,431,10431
-432,432,10432
-433,433,10433
-434,434,10434
-435,435,10435
-436,436,10436
-437,437,10437
-438,438,10438
-439,439,10439
-440,440,10440
-441,441,10441
-442,442,10442
-443,443,10443
-444,444,10444
-445,445,10445
-446,446,10446
-447,447,10447
-448,448,10448
-449,449,10449
-450,450,10450
-451,451,10451
-452,452,10452
-453,453,10453
-454,454,10454
-455,455,10455
-456,456,10456
-457,457,10457
-458,458,10458
-459,459,10459
-460,460,10460
-461,461,10461
-462,462,10462
-463,463,10463
-464,464,10464
-465,465,10465
-466,466,10466
-467,467,10467
-468,468,10468
-469,469,10469
-470,470,10470
-471,471,10471
-472,472,10472
-473,473,10473
-474,474,10474
-475,475,10475
-476,476,10476
-477,477,10477
-478,478,10478
-479,479,10479
-480,480,10480
-481,481,10481
-482,482,10482
-483,483,10483
-484,484,10484
-485,485,10485
-486,486,10486
-487,487,10487
-488,488,10488
-489,489,10489
-490,490,10490
-491,491,10491
-492,492,10492
-493,493,10493
-494,494,10494
-495,495,10495
-496,496,10496
-497,497,10497
-498,498,10498
-499,499,10499
-500,500,10500
-501,501,10501
-502,502,10502
-503,503,10503
-504,504,10504
-505,505,10505
-506,506,10506
-507,507,10507
-508,508,10508
-509,509,10509
-510,510,10510
-511,511,10511
-512,512,10512
-513,513,10513
-514,514,10514
-515,515,10515
-516,516,10516
-517,517,10517
-518,518,10518
-519,519,10519
-520,520,10520
-521,521,10521
-522,522,10522
-523,523,10523
-524,524,10524
-525,525,10525
-526,526,10526
-527,527,10527
-528,528,10528
-529,529,10529
-530,530,10530
-531,531,10531
-532,532,10532
-533,533,10533
-534,534,10534
-535,535,10535
-536,536,10536
-537,537,10537
-538,538,10538
-539,539,10539
-540,540,10540
-541,541,10541
-542,542,10542
-543,543,10543
-544,544,10544
-545,545,10545
-546,546,10546
-547,547,10547
-548,548,10548
-549,549,10549
-550,550,10550
-551,551,10551
-552,552,10552
-553,553,10553
-554,554,10554
-555,555,10555
-556,556,10556
-557,557,10557
-558,558,10558
-559,559,10559
-560,560,10560
-561,561,10561
-562,562,10562
-563,563,10563
-564,564,10564
-565,565,10565
-566,566,10566
-567,567,10567
-568,568,10568
-569,569,10569
-570,570,10570
-571,571,10571
-572,572,10572
-573,573,10573
-574,574,10574
-575,575,10575
-576,576,10576
-577,577,10577
-578,578,10578
-579,579,10579
-580,580,10580
-581,581,10581
-582,582,10582
-583,583,10583
-584,584,10584
-585,585,10585
-586,586,10586
-587,587,10587
-588,588,10588
-589,589,10589
-590,590,10590
-591,591,10591
-592,592,10592
-593,593,10593
-594,594,10594
-595,595,10595
-596,596,10596
-597,597,10597
-598,598,10598
-599,599,10599
-600,600,10600
-601,601,10601
-602,602,10602
-603,603,10603
-604,604,10604
-605,605,10605
-606,606,10606
-607,607,10607
-608,608,10608
-609,609,10609
-610,610,10610
-611,611,10611
-612,612,10612
-613,613,10613
-614,614,10614
-615,615,10615
-616,616,10616
-617,617,10617
-618,618,10618
-619,619,10619
-620,620,10620
-621,621,10621
-622,622,10622
-623,623,10623
-624,624,10624
-625,625,10625
-626,626,10626
-627,627,10627
-628,628,10628
-629,629,10629
-630,630,10630
-631,631,10631
-632,632,10632
-633,633,10633
-634,634,10634
-635,635,10635
-636,636,10636
-637,637,10637
-638,638,10638
-639,639,10639
-640,640,10640
-641,641,10641
-642,642,10642
-643,643,10643
-644,644,10644
-645,645,10645
-646,646,10646
-647,647,10647
-648,648,10648
-649,649,10649
-650,650,10650
-651,651,10651
-652,652,10652
-653,653,10653
-654,654,10654
-655,655,10655
-656,656,10656
-657,657,10657
-658,658,10658
-659,659,10659
-660,660,10660
-661,661,10661
-662,662,10662
-663,663,10663
-664,664,10664
-665,665,10665
-666,666,10666
-667,667,10667
-668,668,10668
-669,669,10669
-670,670,10670
-671,671,10671
-672,672,10672
-673,673,10673
-674,674,10674
-675,675,10675
-676,676,10676
-677,677,10677
-678,678,10678
-679,679,10679
-680,680,10680
-681,681,10681
-682,682,10682
-683,683,10683
-684,684,10684
-685,685,10685
-686,686,10686
-687,687,10687
-688,688,10688
-689,689,10689
-690,690,10690
-691,691,10691
-692,692,10692
-693,693,10693
-694,694,10694
-695,695,10695
-696,696,10696
-697,697,10697
-698,698,10698
-699,699,10699
-700,700,10700
-701,701,10701
-702,702,10702
-703,703,10703
-704,704,10704
-705,705,10705
-706,706,10706
-707,707,10707
-708,708,10708
-709,709,10709
-710,710,10710
-711,711,10711
-712,712,10712
-713,713,10713
-714,714,10714
-715,715,10715
-716,716,10716
-717,717,10717
-718,718,10718
-719,719,10719
-720,720,10720
-721,721,10721
-722,722,10722
-723,723,10723
-724,724,10724
-725,725,10725
-726,726,10726
-727,727,10727
-728,728,10728
-729,729,10729
-730,730,10730
-731,731,10731
-732,732,10732
-733,733,10733
-734,734,10734
-735,735,10735
-736,736,10736
-737,737,10737
-738,738,10738
-739,739,10739
-740,740,10740
-741,741,10741
-742,742,10742
-743,743,10743
-744,744,10744
-745,745,10745
-746,746,10746
-747,747,10747
-748,748,10748
-749,749,10749
-750,750,10750
-751,751,10751
-752,752,10752
-753,753,10753
-754,754,10754
-755,755,10755
-756,756,10756
-757,757,10757
-758,758,10758
-759,759,10759
-760,760,10760
-761,761,10761
-762,762,10762
-763,763,10763
-764,764,10764
-765,765,10765
-766,766,10766
-767,767,10767
-768,768,10768
-769,769,10769
-770,770,10770
-771,771,10771
-772,772,10772
-773,773,10773
-774,774,10774
-775,775,10775
-776,776,10776
-777,777,10777
-778,778,10778
-779,779,10779
-780,780,10780
-781,781,10781
-782,782,10782
-783,783,10783
-784,784,10784
-785,785,10785
-786,786,10786
-787,787,10787
-788,788,10788
-789,789,10789
-790,790,10790
-791,791,10791
-792,792,10792
-793,793,10793
-794,794,10794
-795,795,10795
-796,796,10796
-797,797,10797
-798,798,10798
-799,799,10799
-800,800,10800
-801,801,10801
-802,802,10802
-803,803,10803
-804,804,10804
-805,805,10805
-806,806,10806
-807,807,10807
-808,808,10808
-809,809,10809
-810,810,10810
-811,811,10811
-812,812,10812
-813,813,10813
-814,814,10814
-815,815,10815
-816,816,10816
-817,817,10817
-818,818,10818
-819,819,10819
-820,820,10820
-821,821,10821
-822,822,10822
-823,823,10823
-824,824,10824
-825,825,10825
-826,826,10826
-827,827,10827
-828,828,10828
-829,829,10829
-830,830,10830
-831,831,10831
-832,832,10832
-833,833,10833
-834,834,10834
-835,835,10835
-836,836,10836
-837,837,10837
-838,838,10838
-839,839,10839
-840,840,10840
-841,841,10841
-842,842,10842
-843,843,10843
-844,844,10844
-845,845,10845
-846,846,10846
-847,847,10847
-848,848,10848
-849,849,10849
-850,850,10850
-851,851,10851
-852,852,10852
-853,853,10853
-854,854,10854
-855,855,10855
-856,856,10856
-857,857,10857
-858,858,10858
-859,859,10859
-860,860,10860
-861,861,10861
-862,862,10862
-863,863,10863
-864,864,10864
-865,865,10865
-866,866,10866
-867,867,10867
-868,868,10868
-869,869,10869
-870,870,10870
-871,871,10871
-872,872,10872
-873,873,10873
-874,874,10874
-875,875,10875
-876,876,10876
-877,877,10877
-878,878,10878
-879,879,10879
-880,880,10880
-881,881,10881
-882,882,10882
-883,883,10883
-884,884,10884
-885,885,10885
-886,886,10886
-887,887,10887
-888,888,10888
-889,889,10889
-890,890,10890
-891,891,10891
-892,892,10892
-893,893,10893
-894,894,10894
-895,895,10895
-896,896,10896
-897,897,10897
-898,898,10898
-899,899,10899
-900,900,10900
-901,901,10901
-902,902,10902
-903,903,10903
-904,904,10904
-905,905,10905
-906,906,10906
-907,907,10907
-908,908,10908
-909,909,10909
-910,910,10910
-911,911,10911
-912,912,10912
-913,913,10913
-914,914,10914
-915,915,10915
-916,916,10916
-917,917,10917
-918,918,10918
-919,919,10919
-920,920,10920
-921,921,10921
-922,922,10922
-923,923,10923
-924,924,10924
-925,925,10925
-926,926,10926
-927,927,10927
-928,928,10928
-929,929,10929
-930,930,10930
-931,931,10931
-932,932,10932
-933,933,10933
-934,934,10934
-935,935,10935
-936,936,10936
-937,937,10937
-938,938,10938
-939,939,10939
-940,940,10940
-941,941,10941
-942,942,10942
-943,943,10943
-944,944,10944
-945,945,10945
-946,946,10946
-947,947,10947
-948,948,10948
-949,949,10949
-950,950,10950
-951,951,10951
-952,952,10952
-953,953,10953
-954,954,10954
-955,955,10955
-956,956,10956
-957,957,10957
-958,958,10958
-959,959,10959
-960,960,10960
-961,961,10961
-962,962,10962
-963,963,10963
-964,964,10964
-965,965,10965
-966,966,10966
-967,967,10967
-968,968,10968
-969,969,10969
-970,970,10970
-971,971,10971
-972,972,10972
-973,973,10973
-974,974,10974
-975,975,10975
-976,976,10976
-977,977,10977
-978,978,10978
-979,979,10979
-980,980,10980
-981,981,10981
-982,982,10982
-983,983,10983
-984,984,10984
-985,985,10985
-986,986,10986
-987,987,10987
-988,988,10988
-989,989,10989
-990,990,10990
-991,991,10991
-992,992,10992
-993,993,10993
-994,994,10994
-995,995,10995
-996,996,10996
-997,997,10997
-998,998,10998
-999,999,10999
-1000,1000,11000
-1001,1001,11001
-1002,1002,11002
-1003,1003,11003
-1004,1004,11004
-1005,1005,11005
-1006,1006,11006
-1007,1007,11007
-1008,1008,11008
-1009,1009,11009
-1010,1010,11010
-1011,1011,11011
-1012,1012,11012
-1013,1013,11013
-1014,1014,11014
-1015,1015,11015
-1016,1016,11016
-1017,1017,11017
-1018,1018,11018
-1019,1019,11019
-1020,1020,11020
-1021,1021,11021
-1022,1022,11022
-1023,1023,11023
-1024,1024,11024
-1025,1025,11025
-1026,1026,11026
-1027,1027,11027
-1028,1028,11028
-1029,1029,11029
-1030,1030,11030
-1031,1031,11031
-1032,1032,11032
-1033,1033,11033
-1034,1034,11034
-1035,1035,11035
-1036,1036,11036
-1037,1037,11037
-1038,1038,11038
-1039,1039,11039
-1040,1040,11040
-1041,1041,11041
-1042,1042,11042
-1043,1043,11043
-1044,1044,11044
-1045,1045,11045
-1046,1046,11046
-1047,1047,11047
-1048,1048,11048
-1049,1049,11049
-1050,1050,11050
-1051,1051,11051
-1052,1052,11052
-1053,1053,11053
-1054,1054,11054
-1055,1055,11055
-1056,1056,11056
-1057,1057,11057
-1058,1058,11058
-1059,1059,11059
-1060,1060,11060
-1061,1061,11061
-1062,1062,11062
-1063,1063,11063
-1064,1064,11064
-1065,1065,11065
-1066,1066,11066
-1067,1067,11067
-1068,1068,11068
-1069,1069,11069
-1070,1070,11070
-1071,1071,11071
-1072,1072,11072
-1073,1073,11073
-1074,1074,11074
-1075,1075,11075
-1076,1076,11076
-1077,1077,11077
-1078,1078,11078
-1079,1079,11079
-1080,1080,11080
-1081,1081,11081
-1082,1082,11082
-1083,1083,11083
-1084,1084,11084
-1085,1085,11085
-1086,1086,11086
-1087,1087,11087
-1088,1088,11088
-1089,1089,11089
-1090,1090,11090
-1091,1091,11091
-1092,1092,11092
-1093,1093,11093
-1094,1094,11094
-1095,1095,11095
-1096,1096,11096
-1097,1097,11097
-1098,1098,11098
-1099,1099,11099
-1100,1100,11100
-1101,1101,11101
-1102,1102,11102
-1103,1103,11103
-1104,1104,11104
-1105,1105,11105
-1106,1106,11106
-1107,1107,11107
-1108,1108,11108
-1109,1109,11109
-1110,1110,11110
-1111,1111,11111
-1112,1112,11112
-1113,1113,11113
-1114,1114,11114
-1115,1115,11115
-1116,1116,11116
-1117,1117,11117
-1118,1118,11118
-1119,1119,11119
-1120,1120,11120
-1121,1121,11121
-1122,1122,11122
-1123,1123,11123
-1124,1124,11124
-1125,1125,11125
-1126,1126,11126
-1127,1127,11127
-1128,1128,11128
-1129,1129,11129
-1130,1130,11130
-1131,1131,11131
-1132,1132,11132
-1133,1133,11133
-1134,1134,11134
-1135,1135,11135
-1136,1136,11136
-1137,1137,11137
-1138,1138,11138
-1139,1139,11139
-1140,1140,11140
-1141,1141,11141
-1142,1142,11142
-1143,1143,11143
-1144,1144,11144
-1145,1145,11145
-1146,1146,11146
-1147,1147,11147
-1148,1148,11148
-1149,1149,11149
-1150,1150,11150
-1151,1151,11151
-1152,1152,11152
-1153,1153,11153
-1154,1154,11154
-1155,1155,11155
-1156,1156,11156
-1157,1157,11157
-1158,1158,11158
-1159,1159,11159
-1160,1160,11160
-1161,1161,11161
-1162,1162,11162
-1163,1163,11163
-1164,1164,11164
-1165,1165,11165
-1166,1166,11166
-1167,1167,11167
-1168,1168,11168
-1169,1169,11169
-1170,1170,11170
-1171,1171,11171
-1172,1172,11172
-1173,1173,11173
-1174,1174,11174
-1175,1175,11175
-1176,1176,11176
-1177,1177,11177
-1178,1178,11178
-1179,1179,11179
-1180,1180,11180
-1181,1181,11181
-1182,1182,11182
-1183,1183,11183
-1184,1184,11184
-1185,1185,11185
-1186,1186,11186
-1187,1187,11187
-1188,1188,11188
-1189,1189,11189
-1190,1190,11190
-1191,1191,11191
-1192,1192,11192
-1193,1193,11193
-1194,1194,11194
-1195,1195,11195
-1196,1196,11196
-1197,1197,11197
-1198,1198,11198
-1199,1199,11199
-1200,1200,11200
-1201,1201,11201
-1202,1202,11202
-1203,1203,11203
-1204,1204,11204
-1205,1205,11205
-1206,1206,11206
-1207,1207,11207
-1208,1208,11208
-1209,1209,11209
-1210,1210,11210
-1211,1211,11211
-1212,1212,11212
-1213,1213,11213
-1214,1214,11214
-1215,1215,11215
-1216,1216,11216
-1217,1217,11217
-1218,1218,11218
-1219,1219,11219
-1220,1220,11220
-1221,1221,11221
-1222,1222,11222
-1223,1223,11223
-1224,1224,11224
-1225,1225,11225
-1226,1226,11226
-1227,1227,11227
-1228,1228,11228
-1229,1229,11229
-1230,1230,11230
-1231,1231,11231
-1232,1232,11232
-1233,1233,11233
-1234,1234,11234
-1235,1235,11235
-1236,1236,11236
-1237,1237,11237
-1238,1238,11238
-1239,1239,11239
-1240,1240,11240
-1241,1241,11241
-1242,1242,11242
-1243,1243,11243
-1244,1244,11244
-1245,1245,11245
-1246,1246,11246
-1247,1247,11247
-1248,1248,11248
-1249,1249,11249
-1250,1250,11250
-1251,1251,11251
-1252,1252,11252
-1253,1253,11253
-1254,1254,11254
-1255,1255,11255
-1256,1256,11256
-1257,1257,11257
-1258,1258,11258
-1259,1259,11259
-1260,1260,11260
-1261,1261,11261
-1262,1262,11262
-1263,1263,11263
-1264,1264,11264
-1265,1265,11265
-1266,1266,11266
-1267,1267,11267
-1268,1268,11268
-1269,1269,11269
-1270,1270,11270
-1271,1271,11271
-1272,1272,11272
-1273,1273,11273
-1274,1274,11274
-1275,1275,11275
-1276,1276,11276
-1277,1277,11277
-1278,1278,11278
-1279,1279,11279
-1280,1280,11280
-1281,1281,11281
-1282,1282,11282
-1283,1283,11283
-1284,1284,11284
-1285,1285,11285
-1286,1286,11286
-1287,1287,11287
-1288,1288,11288
-1289,1289,11289
-1290,1290,11290
-1291,1291,11291
-1292,1292,11292
-1293,1293,11293
-1294,1294,11294
-1295,1295,11295
-1296,1296,11296
-1297,1297,11297
-1298,1298,11298
-1299,1299,11299
-1300,1300,11300
-1301,1301,11301
-1302,1302,11302
-1303,1303,11303
-1304,1304,11304
-1305,1305,11305
-1306,1306,11306
-1307,1307,11307
-1308,1308,11308
-1309,1309,11309
-1310,1310,11310
-1311,1311,11311
-1312,1312,11312
-1313,1313,11313
-1314,1314,11314
-1315,1315,11315
-1316,1316,11316
-1317,1317,11317
-1318,1318,11318
-1319,1319,11319
-1320,1320,11320
-1321,1321,11321
-1322,1322,11322
-1323,1323,11323
-1324,1324,11324
-1325,1325,11325
-1326,1326,11326
-1327,1327,11327
-1328,1328,11328
-1329,1329,11329
-1330,1330,11330
-1331,1331,11331
-1332,1332,11332
-1333,1333,11333
-1334,1334,11334
-1335,1335,11335
-1336,1336,11336
-1337,1337,11337
-1338,1338,11338
-1339,1339,11339
-1340,1340,11340
-1341,1341,11341
-1342,1342,11342
-1343,1343,11343
-1344,1344,11344
-1345,1345,11345
-1346,1346,11346
-1347,1347,11347
-1348,1348,11348
-1349,1349,11349
-1350,1350,11350
-1351,1351,11351
-1352,1352,11352
-1353,1353,11353
-1354,1354,11354
-1355,1355,11355
-1356,1356,11356
-1357,1357,11357
-1358,1358,11358
-1359,1359,11359
-1360,1360,11360
-1361,1361,11361
-1362,1362,11362
-1363,1363,11363
-1364,1364,11364
-1365,1365,11365
-1366,1366,11366
-1367,1367,11367
-1368,1368,11368
-1369,1369,11369
-1370,1370,11370
-1371,1371,11371
-1372,1372,11372
-1373,1373,11373
-1374,1374,11374
-1375,1375,11375
-1376,1376,11376
-1377,1377,11377
-1378,1378,11378
-1379,1379,11379
-1380,1380,11380
-1381,1381,11381
-1382,1382,11382
-1383,1383,11383
-1384,1384,11384
-1385,1385,11385
-1386,1386,11386
-1387,1387,11387
-1388,1388,11388
-1389,1389,11389
-1390,1390,11390
-1391,1391,11391
-1392,1392,11392
-1393,1393,11393
-1394,1394,11394
-1395,1395,11395
-1396,1396,11396
-1397,1397,11397
-1398,1398,11398
-1399,1399,11399
-1400,1400,11400
-1401,1401,11401
-1402,1402,11402
-1403,1403,11403
-1404,1404,11404
-1405,1405,11405
-1406,1406,11406
-1407,1407,11407
-1408,1408,11408
-1409,1409,11409
-1410,1410,11410
-1411,1411,11411
-1412,1412,11412
-1413,1413,11413
-1414,1414,11414
-1415,1415,11415
-1416,1416,11416
-1417,1417,11417
-1418,1418,11418
-1419,1419,11419
-1420,1420,11420
-1421,1421,11421
-1422,1422,11422
-1423,1423,11423
-1424,1424,11424
-1425,1425,11425
-1426,1426,11426
-1427,1427,11427
-1428,1428,11428
-1429,1429,11429
-1430,1430,11430
-1431,1431,11431
-1432,1432,11432
-1433,1433,11433
-1434,1434,11434
-1435,1435,11435
-1436,1436,11436
-1437,1437,11437
-1438,1438,11438
-1439,1439,11439
-1440,1440,11440
-1441,1441,11441
-1442,1442,11442
-1443,1443,11443
-1444,1444,11444
-1445,1445,11445
-1446,1446,11446
-1447,1447,11447
-1448,1448,11448
-1449,1449,11449
-1450,1450,11450
-1451,1451,11451
-1452,1452,11452
-1453,1453,11453
-1454,1454,11454
-1455,1455,11455
-1456,1456,11456
-1457,1457,11457
-1458,1458,11458
-1459,1459,11459
-1460,1460,11460
-1461,1461,11461
-1462,1462,11462
-1463,1463,11463
-1464,1464,11464
-1465,1465,11465
-1466,1466,11466
-1467,1467,11467
-1468,1468,11468
-1469,1469,11469
-1470,1470,11470
-1471,1471,11471
-1472,1472,11472
-1473,1473,11473
-1474,1474,11474
-1475,1475,11475
-1476,1476,11476
-1477,1477,11477
-1478,1478,11478
-1479,1479,11479
-1480,1480,11480
-1481,1481,11481
-1482,1482,11482
-1483,1483,11483
-1484,1484,11484
-1485,1485,11485
-1486,1486,11486
-1487,1487,11487
-1488,1488,11488
-1489,1489,11489
-1490,1490,11490
-1491,1491,11491
-1492,1492,11492
-1493,1493,11493
-1494,1494,11494
-1495,1495,11495
-1496,1496,11496
-1497,1497,11497
-1498,1498,11498
-1499,1499,11499
-1500,1500,11500
-1501,1501,11501
-1502,1502,11502
-1503,1503,11503
-1504,1504,11504
-1505,1505,11505
-1506,1506,11506
-1507,1507,11507
-1508,1508,11508
-1509,1509,11509
-1510,1510,11510
-1511,1511,11511
-1512,1512,11512
-1513,1513,11513
-1514,1514,11514
-1515,1515,11515
-1516,1516,11516
-1517,1517,11517
-1518,1518,11518
-1519,1519,11519
-1520,1520,11520
-1521,1521,11521
-1522,1522,11522
-1523,1523,11523
-1524,1524,11524
-1525,1525,11525
-1526,1526,11526
-1527,1527,11527
-1528,1528,11528
-1529,1529,11529
-1530,1530,11530
-1531,1531,11531
-1532,1532,11532
-1533,1533,11533
-1534,1534,11534
-1535,1535,11535
-1536,1536,11536
-1537,1537,11537
-1538,1538,11538
-1539,1539,11539
-1540,1540,11540
-1541,1541,11541
-1542,1542,11542
-1543,1543,11543
-1544,1544,11544
-1545,1545,11545
-1546,1546,11546
-1547,1547,11547
-1548,1548,11548
-1549,1549,11549
-1550,1550,11550
-1551,1551,11551
-1552,1552,11552
-1553,1553,11553
-1554,1554,11554
-1555,1555,11555
-1556,1556,11556
-1557,1557,11557
-1558,1558,11558
-1559,1559,11559
-1560,1560,11560
-1561,1561,11561
-1562,1562,11562
-1563,1563,11563
-1564,1564,11564
-1565,1565,11565
-1566,1566,11566
-1567,1567,11567
-1568,1568,11568
-1569,1569,11569
-1570,1570,11570
-1571,1571,11571
-1572,1572,11572
-1573,1573,11573
-1574,1574,11574
-1575,1575,11575
-1576,1576,11576
-1577,1577,11577
-1578,1578,11578
-1579,1579,11579
-1580,1580,11580
-1581,1581,11581
-1582,1582,11582
-1583,1583,11583
-1584,1584,11584
-1585,1585,11585
-1586,1586,11586
-1587,1587,11587
-1588,1588,11588
-1589,1589,11589
-1590,1590,11590
-1591,1591,11591
-1592,1592,11592
-1593,1593,11593
-1594,1594,11594
-1595,1595,11595
-1596,1596,11596
-1597,1597,11597
-1598,1598,11598
-1599,1599,11599
-1600,1600,11600
-1601,1601,11601
-1602,1602,11602
-1603,1603,11603
-1604,1604,11604
-1605,1605,11605
-1606,1606,11606
-1607,1607,11607
-1608,1608,11608
-1609,1609,11609
-1610,1610,11610
-1611,1611,11611
-1612,1612,11612
-1613,1613,11613
-1614,1614,11614
-1615,1615,11615
-1616,1616,11616
-1617,1617,11617
-1618,1618,11618
-1619,1619,11619
-1620,1620,11620
-1621,1621,11621
-1622,1622,11622
-1623,1623,11623
-1624,1624,11624
-1625,1625,11625
-1626,1626,11626
-1627,1627,11627
-1628,1628,11628
-1629,1629,11629
-1630,1630,11630
-1631,1631,11631
-1632,1632,11632
-1633,1633,11633
-1634,1634,11634
-1635,1635,11635
-1636,1636,11636
-1637,1637,11637
-1638,1638,11638
-1639,1639,11639
-1640,1640,11640
-1641,1641,11641
-1642,1642,11642
-1643,1643,11643
-1644,1644,11644
-1645,1645,11645
-1646,1646,11646
-1647,1647,11647
-1648,1648,11648
-1649,1649,11649
-1650,1650,11650
-1651,1651,11651
-1652,1652,11652
-1653,1653,11653
-1654,1654,11654
-1655,1655,11655
-1656,1656,11656
-1657,1657,11657
-1658,1658,11658
-1659,1659,11659
-1660,1660,11660
-1661,1661,11661
-1662,1662,11662
-1663,1663,11663
-1664,1664,11664
-1665,1665,11665
-1666,1666,11666
-1667,1667,11667
-1668,1668,11668
-1669,1669,11669
-1670,1670,11670
-1671,1671,11671
-1672,1672,11672
-1673,1673,11673
-1674,1674,11674
-1675,1675,11675
-1676,1676,11676
-1677,1677,11677
-1678,1678,11678
-1679,1679,11679
-1680,1680,11680
-1681,1681,11681
-1682,1682,11682
-1683,1683,11683
-1684,1684,11684
-1685,1685,11685
-1686,1686,11686
-1687,1687,11687
-1688,1688,11688
-1689,1689,11689
-1690,1690,11690
-1691,1691,11691
-1692,1692,11692
-1693,1693,11693
-1694,1694,11694
-1695,1695,11695
-1696,1696,11696
-1697,1697,11697
-1698,1698,11698
-1699,1699,11699
-1700,1700,11700
-1701,1701,11701
-1702,1702,11702
-1703,1703,11703
-1704,1704,11704
-1705,1705,11705
-1706,1706,11706
-1707,1707,11707
-1708,1708,11708
-1709,1709,11709
-1710,1710,11710
-1711,1711,11711
-1712,1712,11712
-1713,1713,11713
-1714,1714,11714
-1715,1715,11715
-1716,1716,11716
-1717,1717,11717
-1718,1718,11718
-1719,1719,11719
-1720,1720,11720
-1721,1721,11721
-1722,1722,11722
-1723,1723,11723
-1724,1724,11724
-1725,1725,11725
-1726,1726,11726
-1727,1727,11727
-1728,1728,11728
-1729,1729,11729
-1730,1730,11730
-1731,1731,11731
-1732,1732,11732
-1733,1733,11733
-1734,1734,11734
-1735,1735,11735
-1736,1736,11736
-1737,1737,11737
-1738,1738,11738
-1739,1739,11739
-1740,1740,11740
-1741,1741,11741
-1742,1742,11742
-1743,1743,11743
-1744,1744,11744
-1745,1745,11745
-1746,1746,11746
-1747,1747,11747
-1748,1748,11748
-1749,1749,11749
-1750,1750,11750
-1751,1751,11751
-1752,1752,11752
-1753,1753,11753
-1754,1754,11754
-1755,1755,11755
-1756,1756,11756
-1757,1757,11757
-1758,1758,11758
-1759,1759,11759
-1760,1760,11760
-1761,1761,11761
-1762,1762,11762
-1763,1763,11763
-1764,1764,11764
-1765,1765,11765
-1766,1766,11766
-1767,1767,11767
-1768,1768,11768
-1769,1769,11769
-1770,1770,11770
-1771,1771,11771
-1772,1772,11772
-1773,1773,11773
-1774,1774,11774
-1775,1775,11775
-1776,1776,11776
-1777,1777,11777
-1778,1778,11778
-1779,1779,11779
-1780,1780,11780
-1781,1781,11781
-1782,1782,11782
-1783,1783,11783
-1784,1784,11784
-1785,1785,11785
-1786,1786,11786
-1787,1787,11787
-1788,1788,11788
-1789,1789,11789
-1790,1790,11790
-1791,1791,11791
-1792,1792,11792
-1793,1793,11793
-1794,1794,11794
-1795,1795,11795
-1796,1796,11796
-1797,1797,11797
-1798,1798,11798
-1799,1799,11799
-1800,1800,11800
-1801,1801,11801
-1802,1802,11802
-1803,1803,11803
-1804,1804,11804
-1805,1805,11805
-1806,1806,11806
-1807,1807,11807
-1808,1808,11808
-1809,1809,11809
-1810,1810,11810
-1811,1811,11811
-1812,1812,11812
-1813,1813,11813
-1814,1814,11814
-1815,1815,11815
-1816,1816,11816
-1817,1817,11817
-1818,1818,11818
-1819,1819,11819
-1820,1820,11820
-1821,1821,11821
-1822,1822,11822
-1823,1823,11823
-1824,1824,11824
-1825,1825,11825
-1826,1826,11826
-1827,1827,11827
-1828,1828,11828
-1829,1829,11829
-1830,1830,11830
-1831,1831,11831
-1832,1832,11832
-1833,1833,11833
-1834,1834,11834
-1835,1835,11835
-1836,1836,11836
-1837,1837,11837
-1838,1838,11838
-1839,1839,11839
-1840,1840,11840
-1841,1841,11841
-1842,1842,11842
-1843,1843,11843
-1844,1844,11844
-1845,1845,11845
-1846,1846,11846
-1847,1847,11847
-1848,1848,11848
-1849,1849,11849
-1850,1850,11850
-1851,1851,11851
-1852,1852,11852
-1853,1853,11853
-1854,1854,11854
-1855,1855,11855
-1856,1856,11856
-1857,1857,11857
-1858,1858,11858
-1859,1859,11859
-1860,1860,11860
-1861,1861,11861
-1862,1862,11862
-1863,1863,11863
-1864,1864,11864
-1865,1865,11865
-1866,1866,11866
-1867,1867,11867
-1868,1868,11868
-1869,1869,11869
-1870,1870,11870
-1871,1871,11871
-1872,1872,11872
-1873,1873,11873
-1874,1874,11874
-1875,1875,11875
-1876,1876,11876
-1877,1877,11877
-1878,1878,11878
-1879,1879,11879
-1880,1880,11880
-1881,1881,11881
-1882,1882,11882
-1883,1883,11883
-1884,1884,11884
-1885,1885,11885
-1886,1886,11886
-1887,1887,11887
-1888,1888,11888
-1889,1889,11889
-1890,1890,11890
-1891,1891,11891
-1892,1892,11892
-1893,1893,11893
-1894,1894,11894
-1895,1895,11895
-1896,1896,11896
-1897,1897,11897
-1898,1898,11898
-1899,1899,11899
-1900,1900,11900
-1901,1901,11901
-1902,1902,11902
-1903,1903,11903
-1904,1904,11904
-1905,1905,11905
-1906,1906,11906
-1907,1907,11907
-1908,1908,11908
-1909,1909,11909
-1910,1910,11910
-1911,1911,11911
-1912,1912,11912
-1913,1913,11913
-1914,1914,11914
-1915,1915,11915
-1916,1916,11916
-1917,1917,11917
-1918,1918,11918
-1919,1919,11919
-1920,1920,11920
-1921,1921,11921
-1922,1922,11922
-1923,1923,11923
-1924,1924,11924
-1925,1925,11925
-1926,1926,11926
-1927,1927,11927
-1928,1928,11928
-1929,1929,11929
-1930,1930,11930
-1931,1931,11931
-1932,1932,11932
-1933,1933,11933
-1934,1934,11934
-1935,1935,11935
-1936,1936,11936
-1937,1937,11937
-1938,1938,11938
-1939,1939,11939
-1940,1940,11940
-1941,1941,11941
-1942,1942,11942
-1943,1943,11943
-1944,1944,11944
-1945,1945,11945
-1946,1946,11946
-1947,1947,11947
-1948,1948,11948
-1949,1949,11949
-1950,1950,11950
-1951,1951,11951
-1952,1952,11952
-1953,1953,11953
-1954,1954,11954
-1955,1955,11955
-1956,1956,11956
-1957,1957,11957
-1958,1958,11958
-1959,1959,11959
-1960,1960,11960
-1961,1961,11961
-1962,1962,11962
-1963,1963,11963
-1964,1964,11964
-1965,1965,11965
-1966,1966,11966
-1967,1967,11967
-1968,1968,11968
-1969,1969,11969
-1970,1970,11970
-1971,1971,11971
-1972,1972,11972
-1973,1973,11973
-1974,1974,11974
-1975,1975,11975
-1976,1976,11976
-1977,1977,11977
-1978,1978,11978
-1979,1979,11979
-1980,1980,11980
-1981,1981,11981
-1982,1982,11982
-1983,1983,11983
-1984,1984,11984
-1985,1985,11985
-1986,1986,11986
-1987,1987,11987
-1988,1988,11988
-1989,1989,11989
-1990,1990,11990
-1991,1991,11991
-1992,1992,11992
-1993,1993,11993
-1994,1994,11994
-1995,1995,11995
-1996,1996,11996
-1997,1997,11997
-1998,1998,11998
-1999,1999,11999
-2000,2000,12000
-2001,2001,12001
-2002,2002,12002
-2003,2003,12003
-2004,2004,12004
-2005,2005,12005
-2006,2006,12006
-2007,2007,12007
-2008,2008,12008
-2009,2009,12009
-2010,2010,12010
-2011,2011,12011
-2012,2012,12012
-2013,2013,12013
-2014,2014,12014
-2015,2015,12015
-2016,2016,12016
-2017,2017,12017
-2018,2018,12018
-2019,2019,12019
-2020,2020,12020
-2021,2021,12021
-2022,2022,12022
-2023,2023,12023
-2024,2024,12024
-2025,2025,12025
-2026,2026,12026
-2027,2027,12027
-2028,2028,12028
-2029,2029,12029
-2030,2030,12030
-2031,2031,12031
-2032,2032,12032
-2033,2033,12033
-2034,2034,12034
-2035,2035,12035
-2036,2036,12036
-2037,2037,12037
-2038,2038,12038
-2039,2039,12039
-2040,2040,12040
-2041,2041,12041
-2042,2042,12042
-2043,2043,12043
-2044,2044,12044
-2045,2045,12045
-2046,2046,12046
-2047,2047,12047
-2048,2048,12048
-2049,2049,12049
-2050,2050,12050
-2051,2051,12051
-2052,2052,12052
-2053,2053,12053
-2054,2054,12054
-2055,2055,12055
-2056,2056,12056
-2057,2057,12057
-2058,2058,12058
-2059,2059,12059
-2060,2060,12060
-2061,2061,12061
-2062,2062,12062
-2063,2063,12063
-2064,2064,12064
-2065,2065,12065
-2066,2066,12066
-2067,2067,12067
-2068,2068,12068
-2069,2069,12069
-2070,2070,12070
-2071,2071,12071
-2072,2072,12072
-2073,2073,12073
-2074,2074,12074
-2075,2075,12075
-2076,2076,12076
-2077,2077,12077
-2078,2078,12078
-2079,2079,12079
-2080,2080,12080
-2081,2081,12081
-2082,2082,12082
-2083,2083,12083
-2084,2084,12084
-2085,2085,12085
-2086,2086,12086
-2087,2087,12087
-2088,2088,12088
-2089,2089,12089
-2090,2090,12090
-2091,2091,12091
-2092,2092,12092
-2093,2093,12093
-2094,2094,12094
-2095,2095,12095
-2096,2096,12096
-2097,2097,12097
-2098,2098,12098
-2099,2099,12099
-2100,2100,12100
-2101,2101,12101
-2102,2102,12102
-2103,2103,12103
-2104,2104,12104
-2105,2105,12105
-2106,2106,12106
-2107,2107,12107
-2108,2108,12108
-2109,2109,12109
-2110,2110,12110
-2111,2111,12111
-2112,2112,12112
-2113,2113,12113
-2114,2114,12114
-2115,2115,12115
-2116,2116,12116
-2117,2117,12117
-2118,2118,12118
-2119,2119,12119
-2120,2120,12120
-2121,2121,12121
-2122,2122,12122
-2123,2123,12123
-2124,2124,12124
-2125,2125,12125
-2126,2126,12126
-2127,2127,12127
-2128,2128,12128
-2129,2129,12129
-2130,2130,12130
-2131,2131,12131
-2132,2132,12132
-2133,2133,12133
-2134,2134,12134
-2135,2135,12135
-2136,2136,12136
-2137,2137,12137
-2138,2138,12138
-2139,2139,12139
-2140,2140,12140
-2141,2141,12141
-2142,2142,12142
-2143,2143,12143
-2144,2144,12144
-2145,2145,12145
-2146,2146,12146
-2147,2147,12147
-2148,2148,12148
-2149,2149,12149
-2150,2150,12150
-2151,2151,12151
-2152,2152,12152
-2153,2153,12153
-2154,2154,12154
-2155,2155,12155
-2156,2156,12156
-2157,2157,12157
-2158,2158,12158
-2159,2159,12159
-2160,2160,12160
-2161,2161,12161
-2162,2162,12162
-2163,2163,12163
-2164,2164,12164
-2165,2165,12165
-2166,2166,12166
-2167,2167,12167
-2168,2168,12168
-2169,2169,12169
-2170,2170,12170
-2171,2171,12171
-2172,2172,12172
-2173,2173,12173
-2174,2174,12174
-2175,2175,12175
-2176,2176,12176
-2177,2177,12177
-2178,2178,12178
-2179,2179,12179
-2180,2180,12180
-2181,2181,12181
-2182,2182,12182
-2183,2183,12183
-2184,2184,12184
-2185,2185,12185
-2186,2186,12186
-2187,2187,12187
-2188,2188,12188
-2189,2189,12189
-2190,2190,12190
-2191,2191,12191
-2192,2192,12192
-2193,2193,12193
-2194,2194,12194
-2195,2195,12195
-2196,2196,12196
-2197,2197,12197
-2198,2198,12198
-2199,2199,12199
-2200,2200,12200
-2201,2201,12201
-2202,2202,12202
-2203,2203,12203
-2204,2204,12204
-2205,2205,12205
-2206,2206,12206
-2207,2207,12207
-2208,2208,12208
-2209,2209,12209
-2210,2210,12210
-2211,2211,12211
-2212,2212,12212
-2213,2213,12213
-2214,2214,12214
-2215,2215,12215
-2216,2216,12216
-2217,2217,12217
-2218,2218,12218
-2219,2219,12219
-2220,2220,12220
-2221,2221,12221
-2222,2222,12222
-2223,2223,12223
-2224,2224,12224
-2225,2225,12225
-2226,2226,12226
-2227,2227,12227
-2228,2228,12228
-2229,2229,12229
-2230,2230,12230
-2231,2231,12231
-2232,2232,12232
-2233,2233,12233
-2234,2234,12234
-2235,2235,12235
-2236,2236,12236
-2237,2237,12237
-2238,2238,12238
-2239,2239,12239
-2240,2240,12240
-2241,2241,12241
-2242,2242,12242
-2243,2243,12243
-2244,2244,12244
-2245,2245,12245
-2246,2246,12246
-2247,2247,12247
-2248,2248,12248
-2249,2249,12249
-2250,2250,12250
-2251,2251,12251
-2252,2252,12252
-2253,2253,12253
-2254,2254,12254
-2255,2255,12255
-2256,2256,12256
-2257,2257,12257
-2258,2258,12258
-2259,2259,12259
-2260,2260,12260
-2261,2261,12261
-2262,2262,12262
-2263,2263,12263
-2264,2264,12264
-2265,2265,12265
-2266,2266,12266
-2267,2267,12267
-2268,2268,12268
-2269,2269,12269
-2270,2270,12270
-2271,2271,12271
-2272,2272,12272
-2273,2273,12273
-2274,2274,12274
-2275,2275,12275
-2276,2276,12276
-2277,2277,12277
-2278,2278,12278
-2279,2279,12279
-2280,2280,12280
-2281,2281,12281
-2282,2282,12282
-2283,2283,12283
-2284,2284,12284
-2285,2285,12285
-2286,2286,12286
-2287,2287,12287
-2288,2288,12288
-2289,2289,12289
-2290,2290,12290
-2291,2291,12291
-2292,2292,12292
-2293,2293,12293
-2294,2294,12294
-2295,2295,12295
-2296,2296,12296
-2297,2297,12297
-2298,2298,12298
-2299,2299,12299
-2300,2300,12300
-2301,2301,12301
-2302,2302,12302
-2303,2303,12303
-2304,2304,12304
-2305,2305,12305
-2306,2306,12306
-2307,2307,12307
-2308,2308,12308
-2309,2309,12309
-2310,2310,12310
-2311,2311,12311
-2312,2312,12312
-2313,2313,12313
-2314,2314,12314
-2315,2315,12315
-2316,2316,12316
-2317,2317,12317
-2318,2318,12318
-2319,2319,12319
-2320,2320,12320
-2321,2321,12321
-2322,2322,12322
-2323,2323,12323
-2324,2324,12324
-2325,2325,12325
-2326,2326,12326
-2327,2327,12327
-2328,2328,12328
-2329,2329,12329
-2330,2330,12330
-2331,2331,12331
-2332,2332,12332
-2333,2333,12333
-2334,2334,12334
-2335,2335,12335
-2336,2336,12336
-2337,2337,12337
-2338,2338,12338
-2339,2339,12339
-2340,2340,12340
-2341,2341,12341
-2342,2342,12342
-2343,2343,12343
-2344,2344,12344
-2345,2345,12345
-2346,2346,12346
-2347,2347,12347
-2348,2348,12348
-2349,2349,12349
-2350,2350,12350
-2351,2351,12351
-2352,2352,12352
-2353,2353,12353
-2354,2354,12354
-2355,2355,12355
-2356,2356,12356
-2357,2357,12357
-2358,2358,12358
-2359,2359,12359
-2360,2360,12360
-2361,2361,12361
-2362,2362,12362
-2363,2363,12363
-2364,2364,12364
-2365,2365,12365
-2366,2366,12366
-2367,2367,12367
-2368,2368,12368
-2369,2369,12369
-2370,2370,12370
-2371,2371,12371
-2372,2372,12372
-2373,2373,12373
-2374,2374,12374
-2375,2375,12375
-2376,2376,12376
-2377,2377,12377
-2378,2378,12378
-2379,2379,12379
-2380,2380,12380
-2381,2381,12381
-2382,2382,12382
-2383,2383,12383
-2384,2384,12384
-2385,2385,12385
-2386,2386,12386
-2387,2387,12387
-2388,2388,12388
-2389,2389,12389
-2390,2390,12390
-2391,2391,12391
-2392,2392,12392
-2393,2393,12393
-2394,2394,12394
-2395,2395,12395
-2396,2396,12396
-2397,2397,12397
-2398,2398,12398
-2399,2399,12399
-2400,2400,12400
-2401,2401,12401
-2402,2402,12402
-2403,2403,12403
-2404,2404,12404
-2405,2405,12405
-2406,2406,12406
-2407,2407,12407
-2408,2408,12408
-2409,2409,12409
-2410,2410,12410
-2411,2411,12411
-2412,2412,12412
-2413,2413,12413
-2414,2414,12414
-2415,2415,12415
-2416,2416,12416
-2417,2417,12417
-2418,2418,12418
-2419,2419,12419
-2420,2420,12420
-2421,2421,12421
-2422,2422,12422
-2423,2423,12423
-2424,2424,12424
-2425,2425,12425
-2426,2426,12426
-2427,2427,12427
-2428,2428,12428
-2429,2429,12429
-2430,2430,12430
-2431,2431,12431
-2432,2432,12432
-2433,2433,12433
-2434,2434,12434
-2435,2435,12435
-2436,2436,12436
-2437,2437,12437
-2438,2438,12438
-2439,2439,12439
-2440,2440,12440
-2441,2441,12441
-2442,2442,12442
-2443,2443,12443
-2444,2444,12444
-2445,2445,12445
-2446,2446,12446
-2447,2447,12447
-2448,2448,12448
-2449,2449,12449
-2450,2450,12450
-2451,2451,12451
-2452,2452,12452
-2453,2453,12453
-2454,2454,12454
-2455,2455,12455
-2456,2456,12456
-2457,2457,12457
-2458,2458,12458
-2459,2459,12459
-2460,2460,12460
-2461,2461,12461
-2462,2462,12462
-2463,2463,12463
-2464,2464,12464
-2465,2465,12465
-2466,2466,12466
-2467,2467,12467
-2468,2468,12468
-2469,2469,12469
-2470,2470,12470
-2471,2471,12471
-2472,2472,12472
-2473,2473,12473
-2474,2474,12474
-2475,2475,12475
-2476,2476,12476
-2477,2477,12477
-2478,2478,12478
-2479,2479,12479
-2480,2480,12480
-2481,2481,12481
-2482,2482,12482
-2483,2483,12483
-2484,2484,12484
-2485,2485,12485
-2486,2486,12486
-2487,2487,12487
-2488,2488,12488
-2489,2489,12489
-2490,2490,12490
-2491,2491,12491
-2492,2492,12492
-2493,2493,12493
-2494,2494,12494
-2495,2495,12495
-2496,2496,12496
-2497,2497,12497
-2498,2498,12498
-2499,2499,12499
-2500,2500,12500
-2501,2501,12501
-2502,2502,12502
-2503,2503,12503
-2504,2504,12504
-2505,2505,12505
-2506,2506,12506
-2507,2507,12507
-2508,2508,12508
-2509,2509,12509
-2510,2510,12510
-2511,2511,12511
-2512,2512,12512
-2513,2513,12513
-2514,2514,12514
-2515,2515,12515
-2516,2516,12516
-2517,2517,12517
-2518,2518,12518
-2519,2519,12519
-2520,2520,12520
-2521,2521,12521
-2522,2522,12522
-2523,2523,12523
-2524,2524,12524
-2525,2525,12525
-2526,2526,12526
-2527,2527,12527
-2528,2528,12528
-2529,2529,12529
-2530,2530,12530
-2531,2531,12531
-2532,2532,12532
-2533,2533,12533
-2534,2534,12534
-2535,2535,12535
-2536,2536,12536
-2537,2537,12537
-2538,2538,12538
-2539,2539,12539
-2540,2540,12540
-2541,2541,12541
-2542,2542,12542
-2543,2543,12543
-2544,2544,12544
-2545,2545,12545
-2546,2546,12546
-2547,2547,12547
-2548,2548,12548
-2549,2549,12549
-2550,2550,12550
-2551,2551,12551
-2552,2552,12552
-2553,2553,12553
-2554,2554,12554
-2555,2555,12555
-2556,2556,12556
-2557,2557,12557
-2558,2558,12558
-2559,2559,12559
-2560,2560,12560
-2561,2561,12561
-2562,2562,12562
-2563,2563,12563
-2564,2564,12564
-2565,2565,12565
-2566,2566,12566
-2567,2567,12567
-2568,2568,12568
-2569,2569,12569
-2570,2570,12570
-2571,2571,12571
-2572,2572,12572
-2573,2573,12573
-2574,2574,12574
-2575,2575,12575
-2576,2576,12576
-2577,2577,12577
-2578,2578,12578
-2579,2579,12579
-2580,2580,12580
-2581,2581,12581
-2582,2582,12582
-2583,2583,12583
-2584,2584,12584
-2585,2585,12585
-2586,2586,12586
-2587,2587,12587
-2588,2588,12588
-2589,2589,12589
-2590,2590,12590
-2591,2591,12591
-2592,2592,12592
-2593,2593,12593
-2594,2594,12594
-2595,2595,12595
-2596,2596,12596
-2597,2597,12597
-2598,2598,12598
-2599,2599,12599
-2600,2600,12600
-2601,2601,12601
-2602,2602,12602
-2603,2603,12603
-2604,2604,12604
-2605,2605,12605
-2606,2606,12606
-2607,2607,12607
-2608,2608,12608
-2609,2609,12609
-2610,2610,12610
-2611,2611,12611
-2612,2612,12612
-2613,2613,12613
-2614,2614,12614
-2615,2615,12615
-2616,2616,12616
-2617,2617,12617
-2618,2618,12618
-2619,2619,12619
-2620,2620,12620
-2621,2621,12621
-2622,2622,12622
-2623,2623,12623
-2624,2624,12624
-2625,2625,12625
-2626,2626,12626
-2627,2627,12627
-2628,2628,12628
-2629,2629,12629
-2630,2630,12630
-2631,2631,12631
-2632,2632,12632
-2633,2633,12633
-2634,2634,12634
-2635,2635,12635
-2636,2636,12636
-2637,2637,12637
-2638,2638,12638
-2639,2639,12639
-2640,2640,12640
-2641,2641,12641
-2642,2642,12642
-2643,2643,12643
-2644,2644,12644
-2645,2645,12645
-2646,2646,12646
-2647,2647,12647
-2648,2648,12648
-2649,2649,12649
-2650,2650,12650
-2651,2651,12651
-2652,2652,12652
-2653,2653,12653
-2654,2654,12654
-2655,2655,12655
-2656,2656,12656
-2657,2657,12657
-2658,2658,12658
-2659,2659,12659
-2660,2660,12660
-2661,2661,12661
-2662,2662,12662
-2663,2663,12663
-2664,2664,12664
-2665,2665,12665
-2666,2666,12666
-2667,2667,12667
-2668,2668,12668
-2669,2669,12669
-2670,2670,12670
-2671,2671,12671
-2672,2672,12672
-2673,2673,12673
-2674,2674,12674
-2675,2675,12675
-2676,2676,12676
-2677,2677,12677
-2678,2678,12678
-2679,2679,12679
-2680,2680,12680
-2681,2681,12681
-2682,2682,12682
-2683,2683,12683
-2684,2684,12684
-2685,2685,12685
-2686,2686,12686
-2687,2687,12687
-2688,2688,12688
-2689,2689,12689
-2690,2690,12690
-2691,2691,12691
-2692,2692,12692
-2693,2693,12693
-2694,2694,12694
-2695,2695,12695
-2696,2696,12696
-2697,2697,12697
-2698,2698,12698
-2699,2699,12699
-2700,2700,12700
-2701,2701,12701
-2702,2702,12702
-2703,2703,12703
-2704,2704,12704
-2705,2705,12705
-2706,2706,12706
-2707,2707,12707
-2708,2708,12708
-2709,2709,12709
-2710,2710,12710
-2711,2711,12711
-2712,2712,12712
-2713,2713,12713
-2714,2714,12714
-2715,2715,12715
-2716,2716,12716
-2717,2717,12717
-2718,2718,12718
-2719,2719,12719
-2720,2720,12720
-2721,2721,12721
-2722,2722,12722
-2723,2723,12723
-2724,2724,12724
-2725,2725,12725
-2726,2726,12726
-2727,2727,12727
-2728,2728,12728
-2729,2729,12729
-2730,2730,12730
-2731,2731,12731
-2732,2732,12732
-2733,2733,12733
-2734,2734,12734
-2735,2735,12735
-2736,2736,12736
-2737,2737,12737
-2738,2738,12738
-2739,2739,12739
-2740,2740,12740
-2741,2741,12741
-2742,2742,12742
-2743,2743,12743
-2744,2744,12744
-2745,2745,12745
-2746,2746,12746
-2747,2747,12747
-2748,2748,12748
-2749,2749,12749
-2750,2750,12750
-2751,2751,12751
-2752,2752,12752
-2753,2753,12753
-2754,2754,12754
-2755,2755,12755
-2756,2756,12756
-2757,2757,12757
-2758,2758,12758
-2759,2759,12759
-2760,2760,12760
-2761,2761,12761
-2762,2762,12762
-2763,2763,12763
-2764,2764,12764
-2765,2765,12765
-2766,2766,12766
-2767,2767,12767
-2768,2768,12768
-2769,2769,12769
-2770,2770,12770
-2771,2771,12771
-2772,2772,12772
-2773,2773,12773
-2774,2774,12774
-2775,2775,12775
-2776,2776,12776
-2777,2777,12777
-2778,2778,12778
-2779,2779,12779
-2780,2780,12780
-2781,2781,12781
-2782,2782,12782
-2783,2783,12783
-2784,2784,12784
-2785,2785,12785
-2786,2786,12786
-2787,2787,12787
-2788,2788,12788
-2789,2789,12789
-2790,2790,12790
-2791,2791,12791
-2792,2792,12792
-2793,2793,12793
-2794,2794,12794
-2795,2795,12795
-2796,2796,12796
-2797,2797,12797
-2798,2798,12798
-2799,2799,12799
-2800,2800,12800
-2801,2801,12801
-2802,2802,12802
-2803,2803,12803
-2804,2804,12804
-2805,2805,12805
-2806,2806,12806
-2807,2807,12807
-2808,2808,12808
-2809,2809,12809
-2810,2810,12810
-2811,2811,12811
-2812,2812,12812
-2813,2813,12813
-2814,2814,12814
-2815,2815,12815
-2816,2816,12816
-2817,2817,12817
-2818,2818,12818
-2819,2819,12819
-2820,2820,12820
-2821,2821,12821
-2822,2822,12822
-2823,2823,12823
-2824,2824,12824
-2825,2825,12825
-2826,2826,12826
-2827,2827,12827
-2828,2828,12828
-2829,2829,12829
-2830,2830,12830
-2831,2831,12831
-2832,2832,12832
-2833,2833,12833
-2834,2834,12834
-2835,2835,12835
-2836,2836,12836
-2837,2837,12837
-2838,2838,12838
-2839,2839,12839
-2840,2840,12840
-2841,2841,12841
-2842,2842,12842
-2843,2843,12843
-2844,2844,12844
-2845,2845,12845
-2846,2846,12846
-2847,2847,12847
-2848,2848,12848
-2849,2849,12849
-2850,2850,12850
-2851,2851,12851
-2852,2852,12852
-2853,2853,12853
-2854,2854,12854
-2855,2855,12855
-2856,2856,12856
-2857,2857,12857
-2858,2858,12858
-2859,2859,12859
-2860,2860,12860
-2861,2861,12861
-2862,2862,12862
-2863,2863,12863
-2864,2864,12864
-2865,2865,12865
-2866,2866,12866
-2867,2867,12867
-2868,2868,12868
-2869,2869,12869
-2870,2870,12870
-2871,2871,12871
-2872,2872,12872
-2873,2873,12873
-2874,2874,12874
-2875,2875,12875
-2876,2876,12876
-2877,2877,12877
-2878,2878,12878
-2879,2879,12879
-2880,2880,12880
-2881,2881,12881
-2882,2882,12882
-2883,2883,12883
-2884,2884,12884
-2885,2885,12885
-2886,2886,12886
-2887,2887,12887
-2888,2888,12888
-2889,2889,12889
-2890,2890,12890
-2891,2891,12891
-2892,2892,12892
-2893,2893,12893
-2894,2894,12894
-2895,2895,12895
-2896,2896,12896
-2897,2897,12897
-2898,2898,12898
-2899,2899,12899
-2900,2900,12900
-2901,2901,12901
-2902,2902,12902
-2903,2903,12903
-2904,2904,12904
-2905,2905,12905
-2906,2906,12906
-2907,2907,12907
-2908,2908,12908
-2909,2909,12909
-2910,2910,12910
-2911,2911,12911
-2912,2912,12912
-2913,2913,12913
-2914,2914,12914
-2915,2915,12915
-2916,2916,12916
-2917,2917,12917
-2918,2918,12918
-2919,2919,12919
-2920,2920,12920
-2921,2921,12921
-2922,2922,12922
-2923,2923,12923
-2924,2924,12924
-2925,2925,12925
-2926,2926,12926
-2927,2927,12927
-2928,2928,12928
-2929,2929,12929
-2930,2930,12930
-2931,2931,12931
-2932,2932,12932
-2933,2933,12933
-2934,2934,12934
-2935,2935,12935
-2936,2936,12936
-2937,2937,12937
-2938,2938,12938
-2939,2939,12939
-2940,2940,12940
-2941,2941,12941
-2942,2942,12942
-2943,2943,12943
-2944,2944,12944
-2945,2945,12945
-2946,2946,12946
-2947,2947,12947
-2948,2948,12948
-2949,2949,12949
-2950,2950,12950
-2951,2951,12951
-2952,2952,12952
-2953,2953,12953
-2954,2954,12954
-2955,2955,12955
-2956,2956,12956
-2957,2957,12957
-2958,2958,12958
-2959,2959,12959
-2960,2960,12960
-2961,2961,12961
-2962,2962,12962
-2963,2963,12963
-2964,2964,12964
-2965,2965,12965
-2966,2966,12966
-2967,2967,12967
-2968,2968,12968
-2969,2969,12969
-2970,2970,12970
-2971,2971,12971
-2972,2972,12972
-2973,2973,12973
-2974,2974,12974
-2975,2975,12975
-2976,2976,12976
-2977,2977,12977
-2978,2978,12978
-2979,2979,12979
-2980,2980,12980
-2981,2981,12981
-2982,2982,12982
-2983,2983,12983
-2984,2984,12984
-2985,2985,12985
-2986,2986,12986
-2987,2987,12987
-2988,2988,12988
-2989,2989,12989
-2990,2990,12990
-2991,2991,12991
-2992,2992,12992
-2993,2993,12993
-2994,2994,12994
-2995,2995,12995
-2996,2996,12996
-2997,2997,12997
-2998,2998,12998
-2999,2999,12999
-3000,3000,13000
-3001,3001,13001
-3002,3002,13002
-3003,3003,13003
-3004,3004,13004
-3005,3005,13005
-3006,3006,13006
-3007,3007,13007
-3008,3008,13008
-3009,3009,13009
-3010,3010,13010
-3011,3011,13011
-3012,3012,13012
-3013,3013,13013
-3014,3014,13014
-3015,3015,13015
-3016,3016,13016
-3017,3017,13017
-3018,3018,13018
-3019,3019,13019
-3020,3020,13020
-3021,3021,13021
-3022,3022,13022
-3023,3023,13023
-3024,3024,13024
-3025,3025,13025
-3026,3026,13026
-3027,3027,13027
-3028,3028,13028
-3029,3029,13029
-3030,3030,13030
-3031,3031,13031
-3032,3032,13032
-3033,3033,13033
-3034,3034,13034
-3035,3035,13035
-3036,3036,13036
-3037,3037,13037
-3038,3038,13038
-3039,3039,13039
-3040,3040,13040
-3041,3041,13041
-3042,3042,13042
-3043,3043,13043
-3044,3044,13044
-3045,3045,13045
-3046,3046,13046
-3047,3047,13047
-3048,3048,13048
-3049,3049,13049
-3050,3050,13050
-3051,3051,13051
-3052,3052,13052
-3053,3053,13053
-3054,3054,13054
-3055,3055,13055
-3056,3056,13056
-3057,3057,13057
-3058,3058,13058
-3059,3059,13059
-3060,3060,13060
-3061,3061,13061
-3062,3062,13062
-3063,3063,13063
-3064,3064,13064
-3065,3065,13065
-3066,3066,13066
-3067,3067,13067
-3068,3068,13068
-3069,3069,13069
-3070,3070,13070
-3071,3071,13071
-3072,3072,13072
-3073,3073,13073
-3074,3074,13074
-3075,3075,13075
-3076,3076,13076
-3077,3077,13077
-3078,3078,13078
-3079,3079,13079
-3080,3080,13080
-3081,3081,13081
-3082,3082,13082
-3083,3083,13083
-3084,3084,13084
-3085,3085,13085
-3086,3086,13086
-3087,3087,13087
-3088,3088,13088
-3089,3089,13089
-3090,3090,13090
-3091,3091,13091
-3092,3092,13092
-3093,3093,13093
-3094,3094,13094
-3095,3095,13095
-3096,3096,13096
-3097,3097,13097
-3098,3098,13098
-3099,3099,13099
-3100,3100,13100
-3101,3101,13101
-3102,3102,13102
-3103,3103,13103
-3104,3104,13104
-3105,3105,13105
-3106,3106,13106
-3107,3107,13107
-3108,3108,13108
-3109,3109,13109
-3110,3110,13110
-3111,3111,13111
-3112,3112,13112
-3113,3113,13113
-3114,3114,13114
-3115,3115,13115
-3116,3116,13116
-3117,3117,13117
-3118,3118,13118
-3119,3119,13119
-3120,3120,13120
-3121,3121,13121
-3122,3122,13122
-3123,3123,13123
-3124,3124,13124
-3125,3125,13125
-3126,3126,13126
-3127,3127,13127
-3128,3128,13128
-3129,3129,13129
-3130,3130,13130
-3131,3131,13131
-3132,3132,13132
-3133,3133,13133
-3134,3134,13134
-3135,3135,13135
-3136,3136,13136
-3137,3137,13137
-3138,3138,13138
-3139,3139,13139
-3140,3140,13140
-3141,3141,13141
-3142,3142,13142
-3143,3143,13143
-3144,3144,13144
-3145,3145,13145
-3146,3146,13146
-3147,3147,13147
-3148,3148,13148
-3149,3149,13149
-3150,3150,13150
-3151,3151,13151
-3152,3152,13152
-3153,3153,13153
-3154,3154,13154
-3155,3155,13155
-3156,3156,13156
-3157,3157,13157
-3158,3158,13158
-3159,3159,13159
-3160,3160,13160
-3161,3161,13161
-3162,3162,13162
-3163,3163,13163
-3164,3164,13164
-3165,3165,13165
-3166,3166,13166
-3167,3167,13167
-3168,3168,13168
-3169,3169,13169
-3170,3170,13170
-3171,3171,13171
-3172,3172,13172
-3173,3173,13173
-3174,3174,13174
-3175,3175,13175
-3176,3176,13176
-3177,3177,13177
-3178,3178,13178
-3179,3179,13179
-3180,3180,13180
-3181,3181,13181
-3182,3182,13182
-3183,3183,13183
-3184,3184,13184
-3185,3185,13185
-3186,3186,13186
-3187,3187,13187
-3188,3188,13188
-3189,3189,13189
-3190,3190,13190
-3191,3191,13191
-3192,3192,13192
-3193,3193,13193
-3194,3194,13194
-3195,3195,13195
-3196,3196,13196
-3197,3197,13197
-3198,3198,13198
-3199,3199,13199
-3200,3200,13200
-3201,3201,13201
-3202,3202,13202
-3203,3203,13203
-3204,3204,13204
-3205,3205,13205
-3206,3206,13206
-3207,3207,13207
-3208,3208,13208
-3209,3209,13209
-3210,3210,13210
-3211,3211,13211
-3212,3212,13212
-3213,3213,13213
-3214,3214,13214
-3215,3215,13215
-3216,3216,13216
-3217,3217,13217
-3218,3218,13218
-3219,3219,13219
-3220,3220,13220
-3221,3221,13221
-3222,3222,13222
-3223,3223,13223
-3224,3224,13224
-3225,3225,13225
-3226,3226,13226
-3227,3227,13227
-3228,3228,13228
-3229,3229,13229
-3230,3230,13230
-3231,3231,13231
-3232,3232,13232
-3233,3233,13233
-3234,3234,13234
-3235,3235,13235
-3236,3236,13236
-3237,3237,13237
-3238,3238,13238
-3239,3239,13239
-3240,3240,13240
-3241,3241,13241
-3242,3242,13242
-3243,3243,13243
-3244,3244,13244
-3245,3245,13245
-3246,3246,13246
-3247,3247,13247
-3248,3248,13248
-3249,3249,13249
-3250,3250,13250
-3251,3251,13251
-3252,3252,13252
-3253,3253,13253
-3254,3254,13254
-3255,3255,13255
-3256,3256,13256
-3257,3257,13257
-3258,3258,13258
-3259,3259,13259
-3260,3260,13260
-3261,3261,13261
-3262,3262,13262
-3263,3263,13263
-3264,3264,13264
-3265,3265,13265
-3266,3266,13266
-3267,3267,13267
-3268,3268,13268
-3269,3269,13269
-3270,3270,13270
-3271,3271,13271
-3272,3272,13272
-3273,3273,13273
-3274,3274,13274
-3275,3275,13275
-3276,3276,13276
-3277,3277,13277
-3278,3278,13278
-3279,3279,13279
-3280,3280,13280
-3281,3281,13281
-3282,3282,13282
-3283,3283,13283
-3284,3284,13284
-3285,3285,13285
-3286,3286,13286
-3287,3287,13287
-3288,3288,13288
-3289,3289,13289
-3290,3290,13290
-3291,3291,13291
-3292,3292,13292
-3293,3293,13293
-3294,3294,13294
-3295,3295,13295
-3296,3296,13296
-3297,3297,13297
-3298,3298,13298
-3299,3299,13299
-3300,3300,13300
-3301,3301,13301
-3302,3302,13302
-3303,3303,13303
-3304,3304,13304
-3305,3305,13305
-3306,3306,13306
-3307,3307,13307
-3308,3308,13308
-3309,3309,13309
-3310,3310,13310
-3311,3311,13311
-3312,3312,13312
-3313,3313,13313
-3314,3314,13314
-3315,3315,13315
-3316,3316,13316
-3317,3317,13317
-3318,3318,13318
-3319,3319,13319
-3320,3320,13320
-3321,3321,13321
-3322,3322,13322
-3323,3323,13323
-3324,3324,13324
-3325,3325,13325
-3326,3326,13326
-3327,3327,13327
-3328,3328,13328
-3329,3329,13329
-3330,3330,13330
-3331,3331,13331
-3332,3332,13332
-3333,3333,13333
-3334,3334,13334
-3335,3335,13335
-3336,3336,13336
-3337,3337,13337
-3338,3338,13338
-3339,3339,13339
-3340,3340,13340
-3341,3341,13341
-3342,3342,13342
-3343,3343,13343
-3344,3344,13344
-3345,3345,13345
-3346,3346,13346
-3347,3347,13347
-3348,3348,13348
-3349,3349,13349
-3350,3350,13350
-3351,3351,13351
-3352,3352,13352
-3353,3353,13353
-3354,3354,13354
-3355,3355,13355
-3356,3356,13356
-3357,3357,13357
-3358,3358,13358
-3359,3359,13359
-3360,3360,13360
-3361,3361,13361
-3362,3362,13362
-3363,3363,13363
-3364,3364,13364
-3365,3365,13365
-3366,3366,13366
-3367,3367,13367
-3368,3368,13368
-3369,3369,13369
-3370,3370,13370
-3371,3371,13371
-3372,3372,13372
-3373,3373,13373
-3374,3374,13374
-3375,3375,13375
-3376,3376,13376
-3377,3377,13377
-3378,3378,13378
-3379,3379,13379
-3380,3380,13380
-3381,3381,13381
-3382,3382,13382
-3383,3383,13383
-3384,3384,13384
-3385,3385,13385
-3386,3386,13386
-3387,3387,13387
-3388,3388,13388
-3389,3389,13389
-3390,3390,13390
-3391,3391,13391
-3392,3392,13392
-3393,3393,13393
-3394,3394,13394
-3395,3395,13395
-3396,3396,13396
-3397,3397,13397
-3398,3398,13398
-3399,3399,13399
-3400,3400,13400
-3401,3401,13401
-3402,3402,13402
-3403,3403,13403
-3404,3404,13404
-3405,3405,13405
-3406,3406,13406
-3407,3407,13407
-3408,3408,13408
-3409,3409,13409
-3410,3410,13410
-3411,3411,13411
-3412,3412,13412
-3413,3413,13413
-3414,3414,13414
-3415,3415,13415
-3416,3416,13416
-3417,3417,13417
-3418,3418,13418
-3419,3419,13419
-3420,3420,13420
-3421,3421,13421
-3422,3422,13422
-3423,3423,13423
-3424,3424,13424
-3425,3425,13425
-3426,3426,13426
-3427,3427,13427
-3428,3428,13428
-3429,3429,13429
-3430,3430,13430
-3431,3431,13431
-3432,3432,13432
-3433,3433,13433
-3434,3434,13434
-3435,3435,13435
-3436,3436,13436
-3437,3437,13437
-3438,3438,13438
-3439,3439,13439
-3440,3440,13440
-3441,3441,13441
-3442,3442,13442
-3443,3443,13443
-3444,3444,13444
-3445,3445,13445
-3446,3446,13446
-3447,3447,13447
-3448,3448,13448
-3449,3449,13449
-3450,3450,13450
-3451,3451,13451
-3452,3452,13452
-3453,3453,13453
-3454,3454,13454
-3455,3455,13455
-3456,3456,13456
-3457,3457,13457
-3458,3458,13458
-3459,3459,13459
-3460,3460,13460
-3461,3461,13461
-3462,3462,13462
-3463,3463,13463
-3464,3464,13464
-3465,3465,13465
-3466,3466,13466
-3467,3467,13467
-3468,3468,13468
-3469,3469,13469
-3470,3470,13470
-3471,3471,13471
-3472,3472,13472
-3473,3473,13473
-3474,3474,13474
-3475,3475,13475
-3476,3476,13476
-3477,3477,13477
-3478,3478,13478
-3479,3479,13479
-3480,3480,13480
-3481,3481,13481
-3482,3482,13482
-3483,3483,13483
-3484,3484,13484
-3485,3485,13485
-3486,3486,13486
-3487,3487,13487
-3488,3488,13488
-3489,3489,13489
-3490,3490,13490
-3491,3491,13491
-3492,3492,13492
-3493,3493,13493
-3494,3494,13494
-3495,3495,13495
-3496,3496,13496
-3497,3497,13497
-3498,3498,13498
-3499,3499,13499
-3500,3500,13500
-3501,3501,13501
-3502,3502,13502
-3503,3503,13503
-3504,3504,13504
-3505,3505,13505
-3506,3506,13506
-3507,3507,13507
-3508,3508,13508
-3509,3509,13509
-3510,3510,13510
-3511,3511,13511
-3512,3512,13512
-3513,3513,13513
-3514,3514,13514
-3515,3515,13515
-3516,3516,13516
-3517,3517,13517
-3518,3518,13518
-3519,3519,13519
-3520,3520,13520
-3521,3521,13521
-3522,3522,13522
-3523,3523,13523
-3524,3524,13524
-3525,3525,13525
-3526,3526,13526
-3527,3527,13527
-3528,3528,13528
-3529,3529,13529
-3530,3530,13530
-3531,3531,13531
-3532,3532,13532
-3533,3533,13533
-3534,3534,13534
-3535,3535,13535
-3536,3536,13536
-3537,3537,13537
-3538,3538,13538
-3539,3539,13539
-3540,3540,13540
-3541,3541,13541
-3542,3542,13542
-3543,3543,13543
-3544,3544,13544
-3545,3545,13545
-3546,3546,13546
-3547,3547,13547
-3548,3548,13548
-3549,3549,13549
-3550,3550,13550
-3551,3551,13551
-3552,3552,13552
-3553,3553,13553
-3554,3554,13554
-3555,3555,13555
-3556,3556,13556
-3557,3557,13557
-3558,3558,13558
-3559,3559,13559
-3560,3560,13560
-3561,3561,13561
-3562,3562,13562
-3563,3563,13563
-3564,3564,13564
-3565,3565,13565
-3566,3566,13566
-3567,3567,13567
-3568,3568,13568
-3569,3569,13569
-3570,3570,13570
-3571,3571,13571
-3572,3572,13572
-3573,3573,13573
-3574,3574,13574
-3575,3575,13575
-3576,3576,13576
-3577,3577,13577
-3578,3578,13578
-3579,3579,13579
-3580,3580,13580
-3581,3581,13581
-3582,3582,13582
-3583,3583,13583
-3584,3584,13584
-3585,3585,13585
-3586,3586,13586
-3587,3587,13587
-3588,3588,13588
-3589,3589,13589
-3590,3590,13590
-3591,3591,13591
-3592,3592,13592
-3593,3593,13593
-3594,3594,13594
-3595,3595,13595
-3596,3596,13596
-3597,3597,13597
-3598,3598,13598
-3599,3599,13599
-3600,3600,13600
-3601,3601,13601
-3602,3602,13602
-3603,3603,13603
-3604,3604,13604
-3605,3605,13605
-3606,3606,13606
-3607,3607,13607
-3608,3608,13608
-3609,3609,13609
-3610,3610,13610
-3611,3611,13611
-3612,3612,13612
-3613,3613,13613
-3614,3614,13614
-3615,3615,13615
-3616,3616,13616
-3617,3617,13617
-3618,3618,13618
-3619,3619,13619
-3620,3620,13620
-3621,3621,13621
-3622,3622,13622
-3623,3623,13623
-3624,3624,13624
-3625,3625,13625
-3626,3626,13626
-3627,3627,13627
-3628,3628,13628
-3629,3629,13629
-3630,3630,13630
-3631,3631,13631
-3632,3632,13632
-3633,3633,13633
-3634,3634,13634
-3635,3635,13635
-3636,3636,13636
-3637,3637,13637
-3638,3638,13638
-3639,3639,13639
-3640,3640,13640
-3641,3641,13641
-3642,3642,13642
-3643,3643,13643
-3644,3644,13644
-3645,3645,13645
-3646,3646,13646
-3647,3647,13647
-3648,3648,13648
-3649,3649,13649
-3650,3650,13650
-3651,3651,13651
-3652,3652,13652
-3653,3653,13653
-3654,3654,13654
-3655,3655,13655
-3656,3656,13656
-3657,3657,13657
-3658,3658,13658
-3659,3659,13659
-3660,3660,13660
-3661,3661,13661
-3662,3662,13662
-3663,3663,13663
-3664,3664,13664
-3665,3665,13665
-3666,3666,13666
-3667,3667,13667
-3668,3668,13668
-3669,3669,13669
-3670,3670,13670
-3671,3671,13671
-3672,3672,13672
-3673,3673,13673
-3674,3674,13674
-3675,3675,13675
-3676,3676,13676
-3677,3677,13677
-3678,3678,13678
-3679,3679,13679
-3680,3680,13680
-3681,3681,13681
-3682,3682,13682
-3683,3683,13683
-3684,3684,13684
-3685,3685,13685
-3686,3686,13686
-3687,3687,13687
-3688,3688,13688
-3689,3689,13689
-3690,3690,13690
-3691,3691,13691
-3692,3692,13692
-3693,3693,13693
-3694,3694,13694
-3695,3695,13695
-3696,3696,13696
-3697,3697,13697
-3698,3698,13698
-3699,3699,13699
-3700,3700,13700
-3701,3701,13701
-3702,3702,13702
-3703,3703,13703
-3704,3704,13704
-3705,3705,13705
-3706,3706,13706
-3707,3707,13707
-3708,3708,13708
-3709,3709,13709
-3710,3710,13710
-3711,3711,13711
-3712,3712,13712
-3713,3713,13713
-3714,3714,13714
-3715,3715,13715
-3716,3716,13716
-3717,3717,13717
-3718,3718,13718
-3719,3719,13719
-3720,3720,13720
-3721,3721,13721
-3722,3722,13722
-3723,3723,13723
-3724,3724,13724
-3725,3725,13725
-3726,3726,13726
-3727,3727,13727
-3728,3728,13728
-3729,3729,13729
-3730,3730,13730
-3731,3731,13731
-3732,3732,13732
-3733,3733,13733
-3734,3734,13734
-3735,3735,13735
-3736,3736,13736
-3737,3737,13737
-3738,3738,13738
-3739,3739,13739
-3740,3740,13740
-3741,3741,13741
-3742,3742,13742
-3743,3743,13743
-3744,3744,13744
-3745,3745,13745
-3746,3746,13746
-3747,3747,13747
-3748,3748,13748
-3749,3749,13749
-3750,3750,13750
-3751,3751,13751
-3752,3752,13752
-3753,3753,13753
-3754,3754,13754
-3755,3755,13755
-3756,3756,13756
-3757,3757,13757
-3758,3758,13758
-3759,3759,13759
-3760,3760,13760
-3761,3761,13761
-3762,3762,13762
-3763,3763,13763
-3764,3764,13764
-3765,3765,13765
-3766,3766,13766
-3767,3767,13767
-3768,3768,13768
-3769,3769,13769
-3770,3770,13770
-3771,3771,13771
-3772,3772,13772
-3773,3773,13773
-3774,3774,13774
-3775,3775,13775
-3776,3776,13776
-3777,3777,13777
-3778,3778,13778
-3779,3779,13779
-3780,3780,13780
-3781,3781,13781
-3782,3782,13782
-3783,3783,13783
-3784,3784,13784
-3785,3785,13785
-3786,3786,13786
-3787,3787,13787
-3788,3788,13788
-3789,3789,13789
-3790,3790,13790
-3791,3791,13791
-3792,3792,13792
-3793,3793,13793
-3794,3794,13794
-3795,3795,13795
-3796,3796,13796
-3797,3797,13797
-3798,3798,13798
-3799,3799,13799
-3800,3800,13800
-3801,3801,13801
-3802,3802,13802
-3803,3803,13803
-3804,3804,13804
-3805,3805,13805
-3806,3806,13806
-3807,3807,13807
-3808,3808,13808
-3809,3809,13809
-3810,3810,13810
-3811,3811,13811
-3812,3812,13812
-3813,3813,13813
-3814,3814,13814
-3815,3815,13815
-3816,3816,13816
-3817,3817,13817
-3818,3818,13818
-3819,3819,13819
-3820,3820,13820
-3821,3821,13821
-3822,3822,13822
-3823,3823,13823
-3824,3824,13824
-3825,3825,13825
-3826,3826,13826
-3827,3827,13827
-3828,3828,13828
-3829,3829,13829
-3830,3830,13830
-3831,3831,13831
-3832,3832,13832
-3833,3833,13833
-3834,3834,13834
-3835,3835,13835
-3836,3836,13836
-3837,3837,13837
-3838,3838,13838
-3839,3839,13839
-3840,3840,13840
-3841,3841,13841
-3842,3842,13842
-3843,3843,13843
-3844,3844,13844
-3845,3845,13845
-3846,3846,13846
-3847,3847,13847
-3848,3848,13848
-3849,3849,13849
-3850,3850,13850
-3851,3851,13851
-3852,3852,13852
-3853,3853,13853
-3854,3854,13854
-3855,3855,13855
-3856,3856,13856
-3857,3857,13857
-3858,3858,13858
-3859,3859,13859
-3860,3860,13860
-3861,3861,13861
-3862,3862,13862
-3863,3863,13863
-3864,3864,13864
-3865,3865,13865
-3866,3866,13866
-3867,3867,13867
-3868,3868,13868
-3869,3869,13869
-3870,3870,13870
-3871,3871,13871
-3872,3872,13872
-3873,3873,13873
-3874,3874,13874
-3875,3875,13875
-3876,3876,13876
-3877,3877,13877
-3878,3878,13878
-3879,3879,13879
-3880,3880,13880
-3881,3881,13881
-3882,3882,13882
-3883,3883,13883
-3884,3884,13884
-3885,3885,13885
-3886,3886,13886
-3887,3887,13887
-3888,3888,13888
-3889,3889,13889
-3890,3890,13890
-3891,3891,13891
-3892,3892,13892
-3893,3893,13893
-3894,3894,13894
-3895,3895,13895
-3896,3896,13896
-3897,3897,13897
-3898,3898,13898
-3899,3899,13899
-3900,3900,13900
-3901,3901,13901
-3902,3902,13902
-3903,3903,13903
-3904,3904,13904
-3905,3905,13905
-3906,3906,13906
-3907,3907,13907
-3908,3908,13908
-3909,3909,13909
-3910,3910,13910
-3911,3911,13911
-3912,3912,13912
-3913,3913,13913
-3914,3914,13914
-3915,3915,13915
-3916,3916,13916
-3917,3917,13917
-3918,3918,13918
-3919,3919,13919
-3920,3920,13920
-3921,3921,13921
-3922,3922,13922
-3923,3923,13923
-3924,3924,13924
-3925,3925,13925
-3926,3926,13926
-3927,3927,13927
-3928,3928,13928
-3929,3929,13929
-3930,3930,13930
-3931,3931,13931
-3932,3932,13932
-3933,3933,13933
-3934,3934,13934
-3935,3935,13935
-3936,3936,13936
-3937,3937,13937
-3938,3938,13938
-3939,3939,13939
-3940,3940,13940
-3941,3941,13941
-3942,3942,13942
-3943,3943,13943
-3944,3944,13944
-3945,3945,13945
-3946,3946,13946
-3947,3947,13947
-3948,3948,13948
-3949,3949,13949
-3950,3950,13950
-3951,3951,13951
-3952,3952,13952
-3953,3953,13953
-3954,3954,13954
-3955,3955,13955
-3956,3956,13956
-3957,3957,13957
-3958,3958,13958
-3959,3959,13959
-3960,3960,13960
-3961,3961,13961
-3962,3962,13962
-3963,3963,13963
-3964,3964,13964
-3965,3965,13965
-3966,3966,13966
-3967,3967,13967
-3968,3968,13968
-3969,3969,13969
-3970,3970,13970
-3971,3971,13971
-3972,3972,13972
-3973,3973,13973
-3974,3974,13974
-3975,3975,13975
-3976,3976,13976
-3977,3977,13977
-3978,3978,13978
-3979,3979,13979
-3980,3980,13980
-3981,3981,13981
-3982,3982,13982
-3983,3983,13983
-3984,3984,13984
-3985,3985,13985
-3986,3986,13986
-3987,3987,13987
-3988,3988,13988
-3989,3989,13989
-3990,3990,13990
-3991,3991,13991
-3992,3992,13992
-3993,3993,13993
-3994,3994,13994
-3995,3995,13995
-3996,3996,13996
-3997,3997,13997
-3998,3998,13998
-3999,3999,13999
-4000,4000,14000
-4001,4001,14001
-4002,4002,14002
-4003,4003,14003
-4004,4004,14004
-4005,4005,14005
-4006,4006,14006
-4007,4007,14007
-4008,4008,14008
-4009,4009,14009
-4010,4010,14010
-4011,4011,14011
-4012,4012,14012
-4013,4013,14013
-4014,4014,14014
-4015,4015,14015
-4016,4016,14016
-4017,4017,14017
-4018,4018,14018
-4019,4019,14019
-4020,4020,14020
-4021,4021,14021
-4022,4022,14022
-4023,4023,14023
-4024,4024,14024
-4025,4025,14025
-4026,4026,14026
-4027,4027,14027
-4028,4028,14028
-4029,4029,14029
-4030,4030,14030
-4031,4031,14031
-4032,4032,14032
-4033,4033,14033
-4034,4034,14034
-4035,4035,14035
-4036,4036,14036
-4037,4037,14037
-4038,4038,14038
-4039,4039,14039
-4040,4040,14040
-4041,4041,14041
-4042,4042,14042
-4043,4043,14043
-4044,4044,14044
-4045,4045,14045
-4046,4046,14046
-4047,4047,14047
-4048,4048,14048
-4049,4049,14049
-4050,4050,14050
-4051,4051,14051
-4052,4052,14052
-4053,4053,14053
-4054,4054,14054
-4055,4055,14055
-4056,4056,14056
-4057,4057,14057
-4058,4058,14058
-4059,4059,14059
-4060,4060,14060
-4061,4061,14061
-4062,4062,14062
-4063,4063,14063
-4064,4064,14064
-4065,4065,14065
-4066,4066,14066
-4067,4067,14067
-4068,4068,14068
-4069,4069,14069
-4070,4070,14070
-4071,4071,14071
-4072,4072,14072
-4073,4073,14073
-4074,4074,14074
-4075,4075,14075
-4076,4076,14076
-4077,4077,14077
-4078,4078,14078
-4079,4079,14079
-4080,4080,14080
-4081,4081,14081
-4082,4082,14082
-4083,4083,14083
-4084,4084,14084
-4085,4085,14085
-4086,4086,14086
-4087,4087,14087
-4088,4088,14088
-4089,4089,14089
-4090,4090,14090
-4091,4091,14091
-4092,4092,14092
-4093,4093,14093
-4094,4094,14094
-4095,4095,14095
-4096,4096,14096
-4097,4097,14097
-4098,4098,14098
-4099,4099,14099
-4100,4100,14100
-4101,4101,14101
-4102,4102,14102
-4103,4103,14103
-4104,4104,14104
-4105,4105,14105
-4106,4106,14106
-4107,4107,14107
-4108,4108,14108
-4109,4109,14109
-4110,4110,14110
-4111,4111,14111
-4112,4112,14112
-4113,4113,14113
-4114,4114,14114
-4115,4115,14115
-4116,4116,14116
-4117,4117,14117
-4118,4118,14118
-4119,4119,14119
-4120,4120,14120
-4121,4121,14121
-4122,4122,14122
-4123,4123,14123
-4124,4124,14124
-4125,4125,14125
-4126,4126,14126
-4127,4127,14127
-4128,4128,14128
-4129,4129,14129
-4130,4130,14130
-4131,4131,14131
-4132,4132,14132
-4133,4133,14133
-4134,4134,14134
-4135,4135,14135
-4136,4136,14136
-4137,4137,14137
-4138,4138,14138
-4139,4139,14139
-4140,4140,14140
-4141,4141,14141
-4142,4142,14142
-4143,4143,14143
-4144,4144,14144
-4145,4145,14145
-4146,4146,14146
-4147,4147,14147
-4148,4148,14148
-4149,4149,14149
-4150,4150,14150
-4151,4151,14151
-4152,4152,14152
-4153,4153,14153
-4154,4154,14154
-4155,4155,14155
-4156,4156,14156
-4157,4157,14157
-4158,4158,14158
-4159,4159,14159
-4160,4160,14160
-4161,4161,14161
-4162,4162,14162
-4163,4163,14163
-4164,4164,14164
-4165,4165,14165
-4166,4166,14166
-4167,4167,14167
-4168,4168,14168
-4169,4169,14169
-4170,4170,14170
-4171,4171,14171
-4172,4172,14172
-4173,4173,14173
-4174,4174,14174
-4175,4175,14175
-4176,4176,14176
-4177,4177,14177
-4178,4178,14178
-4179,4179,14179
-4180,4180,14180
-4181,4181,14181
-4182,4182,14182
-4183,4183,14183
-4184,4184,14184
-4185,4185,14185
-4186,4186,14186
-4187,4187,14187
-4188,4188,14188
-4189,4189,14189
-4190,4190,14190
-4191,4191,14191
-4192,4192,14192
-4193,4193,14193
-4194,4194,14194
-4195,4195,14195
-4196,4196,14196
-4197,4197,14197
-4198,4198,14198
-4199,4199,14199
-4200,4200,14200
-4201,4201,14201
-4202,4202,14202
-4203,4203,14203
-4204,4204,14204
-4205,4205,14205
-4206,4206,14206
-4207,4207,14207
-4208,4208,14208
-4209,4209,14209
-4210,4210,14210
-4211,4211,14211
-4212,4212,14212
-4213,4213,14213
-4214,4214,14214
-4215,4215,14215
-4216,4216,14216
-4217,4217,14217
-4218,4218,14218
-4219,4219,14219
-4220,4220,14220
-4221,4221,14221
-4222,4222,14222
-4223,4223,14223
-4224,4224,14224
-4225,4225,14225
-4226,4226,14226
-4227,4227,14227
-4228,4228,14228
-4229,4229,14229
-4230,4230,14230
-4231,4231,14231
-4232,4232,14232
-4233,4233,14233
-4234,4234,14234
-4235,4235,14235
-4236,4236,14236
-4237,4237,14237
-4238,4238,14238
-4239,4239,14239
-4240,4240,14240
-4241,4241,14241
-4242,4242,14242
-4243,4243,14243
-4244,4244,14244
-4245,4245,14245
-4246,4246,14246
-4247,4247,14247
-4248,4248,14248
-4249,4249,14249
-4250,4250,14250
-4251,4251,14251
-4252,4252,14252
-4253,4253,14253
-4254,4254,14254
-4255,4255,14255
-4256,4256,14256
-4257,4257,14257
-4258,4258,14258
-4259,4259,14259
-4260,4260,14260
-4261,4261,14261
-4262,4262,14262
-4263,4263,14263
-4264,4264,14264
-4265,4265,14265
-4266,4266,14266
-4267,4267,14267
-4268,4268,14268
-4269,4269,14269
-4270,4270,14270
-4271,4271,14271
-4272,4272,14272
-4273,4273,14273
-4274,4274,14274
-4275,4275,14275
-4276,4276,14276
-4277,4277,14277
-4278,4278,14278
-4279,4279,14279
-4280,4280,14280
-4281,4281,14281
-4282,4282,14282
-4283,4283,14283
-4284,4284,14284
-4285,4285,14285
-4286,4286,14286
-4287,4287,14287
-4288,4288,14288
-4289,4289,14289
-4290,4290,14290
-4291,4291,14291
-4292,4292,14292
-4293,4293,14293
-4294,4294,14294
-4295,4295,14295
-4296,4296,14296
-4297,4297,14297
-4298,4298,14298
-4299,4299,14299
-4300,4300,14300
-4301,4301,14301
-4302,4302,14302
-4303,4303,14303
-4304,4304,14304
-4305,4305,14305
-4306,4306,14306
-4307,4307,14307
-4308,4308,14308
-4309,4309,14309
-4310,4310,14310
-4311,4311,14311
-4312,4312,14312
-4313,4313,14313
-4314,4314,14314
-4315,4315,14315
-4316,4316,14316
-4317,4317,14317
-4318,4318,14318
-4319,4319,14319
-4320,4320,14320
-4321,4321,14321
-4322,4322,14322
-4323,4323,14323
-4324,4324,14324
-4325,4325,14325
-4326,4326,14326
-4327,4327,14327
-4328,4328,14328
-4329,4329,14329
-4330,4330,14330
-4331,4331,14331
-4332,4332,14332
-4333,4333,14333
-4334,4334,14334
-4335,4335,14335
-4336,4336,14336
-4337,4337,14337
-4338,4338,14338
-4339,4339,14339
-4340,4340,14340
-4341,4341,14341
-4342,4342,14342
-4343,4343,14343
-4344,4344,14344
-4345,4345,14345
-4346,4346,14346
-4347,4347,14347
-4348,4348,14348
-4349,4349,14349
-4350,4350,14350
-4351,4351,14351
-4352,4352,14352
-4353,4353,14353
-4354,4354,14354
-4355,4355,14355
-4356,4356,14356
-4357,4357,14357
-4358,4358,14358
-4359,4359,14359
-4360,4360,14360
-4361,4361,14361
-4362,4362,14362
-4363,4363,14363
-4364,4364,14364
-4365,4365,14365
-4366,4366,14366
-4367,4367,14367
-4368,4368,14368
-4369,4369,14369
-4370,4370,14370
-4371,4371,14371
-4372,4372,14372
-4373,4373,14373
-4374,4374,14374
-4375,4375,14375
-4376,4376,14376
-4377,4377,14377
-4378,4378,14378
-4379,4379,14379
-4380,4380,14380
-4381,4381,14381
-4382,4382,14382
-4383,4383,14383
-4384,4384,14384
-4385,4385,14385
-4386,4386,14386
-4387,4387,14387
-4388,4388,14388
-4389,4389,14389
-4390,4390,14390
-4391,4391,14391
-4392,4392,14392
-4393,4393,14393
-4394,4394,14394
-4395,4395,14395
-4396,4396,14396
-4397,4397,14397
-4398,4398,14398
-4399,4399,14399
-4400,4400,14400
-4401,4401,14401
-4402,4402,14402
-4403,4403,14403
-4404,4404,14404
-4405,4405,14405
-4406,4406,14406
-4407,4407,14407
-4408,4408,14408
-4409,4409,14409
-4410,4410,14410
-4411,4411,14411
-4412,4412,14412
-4413,4413,14413
-4414,4414,14414
-4415,4415,14415
-4416,4416,14416
-4417,4417,14417
-4418,4418,14418
-4419,4419,14419
-4420,4420,14420
-4421,4421,14421
-4422,4422,14422
-4423,4423,14423
-4424,4424,14424
-4425,4425,14425
-4426,4426,14426
-4427,4427,14427
-4428,4428,14428
-4429,4429,14429
-4430,4430,14430
-4431,4431,14431
-4432,4432,14432
-4433,4433,14433
-4434,4434,14434
-4435,4435,14435
-4436,4436,14436
-4437,4437,14437
-4438,4438,14438
-4439,4439,14439
-4440,4440,14440
-4441,4441,14441
-4442,4442,14442
-4443,4443,14443
-4444,4444,14444
-4445,4445,14445
-4446,4446,14446
-4447,4447,14447
-4448,4448,14448
-4449,4449,14449
-4450,4450,14450
-4451,4451,14451
-4452,4452,14452
-4453,4453,14453
-4454,4454,14454
-4455,4455,14455
-4456,4456,14456
-4457,4457,14457
-4458,4458,14458
-4459,4459,14459
-4460,4460,14460
-4461,4461,14461
-4462,4462,14462
-4463,4463,14463
-4464,4464,14464
-4465,4465,14465
-4466,4466,14466
-4467,4467,14467
-4468,4468,14468
-4469,4469,14469
-4470,4470,14470
-4471,4471,14471
-4472,4472,14472
-4473,4473,14473
-4474,4474,14474
-4475,4475,14475
-4476,4476,14476
-4477,4477,14477
-4478,4478,14478
-4479,4479,14479
-4480,4480,14480
-4481,4481,14481
-4482,4482,14482
-4483,4483,14483
-4484,4484,14484
-4485,4485,14485
-4486,4486,14486
-4487,4487,14487
-4488,4488,14488
-4489,4489,14489
-4490,4490,14490
-4491,4491,14491
-4492,4492,14492
-4493,4493,14493
-4494,4494,14494
-4495,4495,14495
-4496,4496,14496
-4497,4497,14497
-4498,4498,14498
-4499,4499,14499
-4500,4500,14500
-4501,4501,14501
-4502,4502,14502
-4503,4503,14503
-4504,4504,14504
-4505,4505,14505
-4506,4506,14506
-4507,4507,14507
-4508,4508,14508
-4509,4509,14509
-4510,4510,14510
-4511,4511,14511
-4512,4512,14512
-4513,4513,14513
-4514,4514,14514
-4515,4515,14515
-4516,4516,14516
-4517,4517,14517
-4518,4518,14518
-4519,4519,14519
-4520,4520,14520
-4521,4521,14521
-4522,4522,14522
-4523,4523,14523
-4524,4524,14524
-4525,4525,14525
-4526,4526,14526
-4527,4527,14527
-4528,4528,14528
-4529,4529,14529
-4530,4530,14530
-4531,4531,14531
-4532,4532,14532
-4533,4533,14533
-4534,4534,14534
-4535,4535,14535
-4536,4536,14536
-4537,4537,14537
-4538,4538,14538
-4539,4539,14539
-4540,4540,14540
-4541,4541,14541
-4542,4542,14542
-4543,4543,14543
-4544,4544,14544
-4545,4545,14545
-4546,4546,14546
-4547,4547,14547
-4548,4548,14548
-4549,4549,14549
-4550,4550,14550
-4551,4551,14551
-4552,4552,14552
-4553,4553,14553
-4554,4554,14554
-4555,4555,14555
-4556,4556,14556
-4557,4557,14557
-4558,4558,14558
-4559,4559,14559
-4560,4560,14560
-4561,4561,14561
-4562,4562,14562
-4563,4563,14563
-4564,4564,14564
-4565,4565,14565
-4566,4566,14566
-4567,4567,14567
-4568,4568,14568
-4569,4569,14569
-4570,4570,14570
-4571,4571,14571
-4572,4572,14572
-4573,4573,14573
-4574,4574,14574
-4575,4575,14575
-4576,4576,14576
-4577,4577,14577
-4578,4578,14578
-4579,4579,14579
-4580,4580,14580
-4581,4581,14581
-4582,4582,14582
-4583,4583,14583
-4584,4584,14584
-4585,4585,14585
-4586,4586,14586
-4587,4587,14587
-4588,4588,14588
-4589,4589,14589
-4590,4590,14590
-4591,4591,14591
-4592,4592,14592
-4593,4593,14593
-4594,4594,14594
-4595,4595,14595
-4596,4596,14596
-4597,4597,14597
-4598,4598,14598
-4599,4599,14599
-4600,4600,14600
-4601,4601,14601
-4602,4602,14602
-4603,4603,14603
-4604,4604,14604
-4605,4605,14605
-4606,4606,14606
-4607,4607,14607
-4608,4608,14608
-4609,4609,14609
-4610,4610,14610
-4611,4611,14611
-4612,4612,14612
-4613,4613,14613
-4614,4614,14614
-4615,4615,14615
-4616,4616,14616
-4617,4617,14617
-4618,4618,14618
-4619,4619,14619
-4620,4620,14620
-4621,4621,14621
-4622,4622,14622
-4623,4623,14623
-4624,4624,14624
-4625,4625,14625
-4626,4626,14626
-4627,4627,14627
-4628,4628,14628
-4629,4629,14629
-4630,4630,14630
-4631,4631,14631
-4632,4632,14632
-4633,4633,14633
-4634,4634,14634
-4635,4635,14635
-4636,4636,14636
-4637,4637,14637
-4638,4638,14638
-4639,4639,14639
-4640,4640,14640
-4641,4641,14641
-4642,4642,14642
-4643,4643,14643
-4644,4644,14644
-4645,4645,14645
-4646,4646,14646
-4647,4647,14647
-4648,4648,14648
-4649,4649,14649
-4650,4650,14650
-4651,4651,14651
-4652,4652,14652
-4653,4653,14653
-4654,4654,14654
-4655,4655,14655
-4656,4656,14656
-4657,4657,14657
-4658,4658,14658
-4659,4659,14659
-4660,4660,14660
-4661,4661,14661
-4662,4662,14662
-4663,4663,14663
-4664,4664,14664
-4665,4665,14665
-4666,4666,14666
-4667,4667,14667
-4668,4668,14668
-4669,4669,14669
-4670,4670,14670
-4671,4671,14671
-4672,4672,14672
-4673,4673,14673
-4674,4674,14674
-4675,4675,14675
-4676,4676,14676
-4677,4677,14677
-4678,4678,14678
-4679,4679,14679
-4680,4680,14680
-4681,4681,14681
-4682,4682,14682
-4683,4683,14683
-4684,4684,14684
-4685,4685,14685
-4686,4686,14686
-4687,4687,14687
-4688,4688,14688
-4689,4689,14689
-4690,4690,14690
-4691,4691,14691
-4692,4692,14692
-4693,4693,14693
-4694,4694,14694
-4695,4695,14695
-4696,4696,14696
-4697,4697,14697
-4698,4698,14698
-4699,4699,14699
-4700,4700,14700
-4701,4701,14701
-4702,4702,14702
-4703,4703,14703
-4704,4704,14704
-4705,4705,14705
-4706,4706,14706
-4707,4707,14707
-4708,4708,14708
-4709,4709,14709
-4710,4710,14710
-4711,4711,14711
-4712,4712,14712
-4713,4713,14713
-4714,4714,14714
-4715,4715,14715
-4716,4716,14716
-4717,4717,14717
-4718,4718,14718
-4719,4719,14719
-4720,4720,14720
-4721,4721,14721
-4722,4722,14722
-4723,4723,14723
-4724,4724,14724
-4725,4725,14725
-4726,4726,14726
-4727,4727,14727
-4728,4728,14728
-4729,4729,14729
-4730,4730,14730
-4731,4731,14731
-4732,4732,14732
-4733,4733,14733
-4734,4734,14734
-4735,4735,14735
-4736,4736,14736
-4737,4737,14737
-4738,4738,14738
-4739,4739,14739
-4740,4740,14740
-4741,4741,14741
-4742,4742,14742
-4743,4743,14743
-4744,4744,14744
-4745,4745,14745
-4746,4746,14746
-4747,4747,14747
-4748,4748,14748
-4749,4749,14749
-4750,4750,14750
-4751,4751,14751
-4752,4752,14752
-4753,4753,14753
-4754,4754,14754
-4755,4755,14755
-4756,4756,14756
-4757,4757,14757
-4758,4758,14758
-4759,4759,14759
-4760,4760,14760
-4761,4761,14761
-4762,4762,14762
-4763,4763,14763
-4764,4764,14764
-4765,4765,14765
-4766,4766,14766
-4767,4767,14767
-4768,4768,14768
-4769,4769,14769
-4770,4770,14770
-4771,4771,14771
-4772,4772,14772
-4773,4773,14773
-4774,4774,14774
-4775,4775,14775
-4776,4776,14776
-4777,4777,14777
-4778,4778,14778
-4779,4779,14779
-4780,4780,14780
-4781,4781,14781
-4782,4782,14782
-4783,4783,14783
-4784,4784,14784
-4785,4785,14785
-4786,4786,14786
-4787,4787,14787
-4788,4788,14788
-4789,4789,14789
-4790,4790,14790
-4791,4791,14791
-4792,4792,14792
-4793,4793,14793
-4794,4794,14794
-4795,4795,14795
-4796,4796,14796
-4797,4797,14797
-4798,4798,14798
-4799,4799,14799
-4800,4800,14800
-4801,4801,14801
-4802,4802,14802
-4803,4803,14803
-4804,4804,14804
-4805,4805,14805
-4806,4806,14806
-4807,4807,14807
-4808,4808,14808
-4809,4809,14809
-4810,4810,14810
-4811,4811,14811
-4812,4812,14812
-4813,4813,14813
-4814,4814,14814
-4815,4815,14815
-4816,4816,14816
-4817,4817,14817
-4818,4818,14818
-4819,4819,14819
-4820,4820,14820
-4821,4821,14821
-4822,4822,14822
-4823,4823,14823
-4824,4824,14824
-4825,4825,14825
-4826,4826,14826
-4827,4827,14827
-4828,4828,14828
-4829,4829,14829
-4830,4830,14830
-4831,4831,14831
-4832,4832,14832
-4833,4833,14833
-4834,4834,14834
-4835,4835,14835
-4836,4836,14836
-4837,4837,14837
-4838,4838,14838
-4839,4839,14839
-4840,4840,14840
-4841,4841,14841
-4842,4842,14842
-4843,4843,14843
-4844,4844,14844
-4845,4845,14845
-4846,4846,14846
-4847,4847,14847
-4848,4848,14848
-4849,4849,14849
-4850,4850,14850
-4851,4851,14851
-4852,4852,14852
-4853,4853,14853
-4854,4854,14854
-4855,4855,14855
-4856,4856,14856
-4857,4857,14857
-4858,4858,14858
-4859,4859,14859
-4860,4860,14860
-4861,4861,14861
-4862,4862,14862
-4863,4863,14863
-4864,4864,14864
-4865,4865,14865
-4866,4866,14866
-4867,4867,14867
-4868,4868,14868
-4869,4869,14869
-4870,4870,14870
-4871,4871,14871
-4872,4872,14872
-4873,4873,14873
-4874,4874,14874
-4875,4875,14875
-4876,4876,14876
-4877,4877,14877
-4878,4878,14878
-4879,4879,14879
-4880,4880,14880
-4881,4881,14881
-4882,4882,14882
-4883,4883,14883
-4884,4884,14884
-4885,4885,14885
-4886,4886,14886
-4887,4887,14887
-4888,4888,14888
-4889,4889,14889
-4890,4890,14890
-4891,4891,14891
-4892,4892,14892
-4893,4893,14893
-4894,4894,14894
-4895,4895,14895
-4896,4896,14896
-4897,4897,14897
-4898,4898,14898
-4899,4899,14899
-4900,4900,14900
-4901,4901,14901
-4902,4902,14902
-4903,4903,14903
-4904,4904,14904
-4905,4905,14905
-4906,4906,14906
-4907,4907,14907
-4908,4908,14908
-4909,4909,14909
-4910,4910,14910
-4911,4911,14911
-4912,4912,14912
-4913,4913,14913
-4914,4914,14914
-4915,4915,14915
-4916,4916,14916
-4917,4917,14917
-4918,4918,14918
-4919,4919,14919
-4920,4920,14920
-4921,4921,14921
-4922,4922,14922
-4923,4923,14923
-4924,4924,14924
-4925,4925,14925
-4926,4926,14926
-4927,4927,14927
-4928,4928,14928
-4929,4929,14929
-4930,4930,14930
-4931,4931,14931
-4932,4932,14932
-4933,4933,14933
-4934,4934,14934
-4935,4935,14935
-4936,4936,14936
-4937,4937,14937
-4938,4938,14938
-4939,4939,14939
-4940,4940,14940
-4941,4941,14941
-4942,4942,14942
-4943,4943,14943
-4944,4944,14944
-4945,4945,14945
-4946,4946,14946
-4947,4947,14947
-4948,4948,14948
-4949,4949,14949
-4950,4950,14950
-4951,4951,14951
-4952,4952,14952
-4953,4953,14953
-4954,4954,14954
-4955,4955,14955
-4956,4956,14956
-4957,4957,14957
-4958,4958,14958
-4959,4959,14959
-4960,4960,14960
-4961,4961,14961
-4962,4962,14962
-4963,4963,14963
-4964,4964,14964
-4965,4965,14965
-4966,4966,14966
-4967,4967,14967
-4968,4968,14968
-4969,4969,14969
-4970,4970,14970
-4971,4971,14971
-4972,4972,14972
-4973,4973,14973
-4974,4974,14974
-4975,4975,14975
-4976,4976,14976
-4977,4977,14977
-4978,4978,14978
-4979,4979,14979
-4980,4980,14980
-4981,4981,14981
-4982,4982,14982
-4983,4983,14983
-4984,4984,14984
-4985,4985,14985
-4986,4986,14986
-4987,4987,14987
-4988,4988,14988
-4989,4989,14989
-4990,4990,14990
-4991,4991,14991
-4992,4992,14992
-4993,4993,14993
-4994,4994,14994
-4995,4995,14995
-4996,4996,14996
-4997,4997,14997
-4998,4998,14998
-4999,4999,14999
-5000,5000,15000
-5001,5001,15001
-5002,5002,15002
-5003,5003,15003
-5004,5004,15004
-5005,5005,15005
-5006,5006,15006
-5007,5007,15007
-5008,5008,15008
-5009,5009,15009
-5010,5010,15010
-5011,5011,15011
-5012,5012,15012
-5013,5013,15013
-5014,5014,15014
-5015,5015,15015
-5016,5016,15016
-5017,5017,15017
-5018,5018,15018
-5019,5019,15019
-5020,5020,15020
-5021,5021,15021
-5022,5022,15022
-5023,5023,15023
-5024,5024,15024
-5025,5025,15025
-5026,5026,15026
-5027,5027,15027
-5028,5028,15028
-5029,5029,15029
-5030,5030,15030
-5031,5031,15031
-5032,5032,15032
-5033,5033,15033
-5034,5034,15034
-5035,5035,15035
-5036,5036,15036
-5037,5037,15037
-5038,5038,15038
-5039,5039,15039
-5040,5040,15040
-5041,5041,15041
-5042,5042,15042
-5043,5043,15043
-5044,5044,15044
-5045,5045,15045
-5046,5046,15046
-5047,5047,15047
-5048,5048,15048
-5049,5049,15049
-5050,5050,15050
-5051,5051,15051
-5052,5052,15052
-5053,5053,15053
-5054,5054,15054
-5055,5055,15055
-5056,5056,15056
-5057,5057,15057
-5058,5058,15058
-5059,5059,15059
-5060,5060,15060
-5061,5061,15061
-5062,5062,15062
-5063,5063,15063
-5064,5064,15064
-5065,5065,15065
-5066,5066,15066
-5067,5067,15067
-5068,5068,15068
-5069,5069,15069
-5070,5070,15070
-5071,5071,15071
-5072,5072,15072
-5073,5073,15073
-5074,5074,15074
-5075,5075,15075
-5076,5076,15076
-5077,5077,15077
-5078,5078,15078
-5079,5079,15079
-5080,5080,15080
-5081,5081,15081
-5082,5082,15082
-5083,5083,15083
-5084,5084,15084
-5085,5085,15085
-5086,5086,15086
-5087,5087,15087
-5088,5088,15088
-5089,5089,15089
-5090,5090,15090
-5091,5091,15091
-5092,5092,15092
-5093,5093,15093
-5094,5094,15094
-5095,5095,15095
-5096,5096,15096
-5097,5097,15097
-5098,5098,15098
-5099,5099,15099
-5100,5100,15100
-5101,5101,15101
-5102,5102,15102
-5103,5103,15103
-5104,5104,15104
-5105,5105,15105
-5106,5106,15106
-5107,5107,15107
-5108,5108,15108
-5109,5109,15109
-5110,5110,15110
-5111,5111,15111
-5112,5112,15112
-5113,5113,15113
-5114,5114,15114
-5115,5115,15115
-5116,5116,15116
-5117,5117,15117
-5118,5118,15118
-5119,5119,15119
-5120,5120,15120
-5121,5121,15121
-5122,5122,15122
-5123,5123,15123
-5124,5124,15124
-5125,5125,15125
-5126,5126,15126
-5127,5127,15127
-5128,5128,15128
-5129,5129,15129
-5130,5130,15130
-5131,5131,15131
-5132,5132,15132
-5133,5133,15133
-5134,5134,15134
-5135,5135,15135
-5136,5136,15136
-5137,5137,15137
-5138,5138,15138
-5139,5139,15139
-5140,5140,15140
-5141,5141,15141
-5142,5142,15142
-5143,5143,15143
-5144,5144,15144
-5145,5145,15145
-5146,5146,15146
-5147,5147,15147
-5148,5148,15148
-5149,5149,15149
-5150,5150,15150
-5151,5151,15151
-5152,5152,15152
-5153,5153,15153
-5154,5154,15154
-5155,5155,15155
-5156,5156,15156
-5157,5157,15157
-5158,5158,15158
-5159,5159,15159
-5160,5160,15160
-5161,5161,15161
-5162,5162,15162
-5163,5163,15163
-5164,5164,15164
-5165,5165,15165
-5166,5166,15166
-5167,5167,15167
-5168,5168,15168
-5169,5169,15169
-5170,5170,15170
-5171,5171,15171
-5172,5172,15172
-5173,5173,15173
-5174,5174,15174
-5175,5175,15175
-5176,5176,15176
-5177,5177,15177
-5178,5178,15178
-5179,5179,15179
-5180,5180,15180
-5181,5181,15181
-5182,5182,15182
-5183,5183,15183
-5184,5184,15184
-5185,5185,15185
-5186,5186,15186
-5187,5187,15187
-5188,5188,15188
-5189,5189,15189
-5190,5190,15190
-5191,5191,15191
-5192,5192,15192
-5193,5193,15193
-5194,5194,15194
-5195,5195,15195
-5196,5196,15196
-5197,5197,15197
-5198,5198,15198
-5199,5199,15199
-5200,5200,15200
-5201,5201,15201
-5202,5202,15202
-5203,5203,15203
-5204,5204,15204
-5205,5205,15205
-5206,5206,15206
-5207,5207,15207
-5208,5208,15208
-5209,5209,15209
-5210,5210,15210
-5211,5211,15211
-5212,5212,15212
-5213,5213,15213
-5214,5214,15214
-5215,5215,15215
-5216,5216,15216
-5217,5217,15217
-5218,5218,15218
-5219,5219,15219
-5220,5220,15220
-5221,5221,15221
-5222,5222,15222
-5223,5223,15223
-5224,5224,15224
-5225,5225,15225
-5226,5226,15226
-5227,5227,15227
-5228,5228,15228
-5229,5229,15229
-5230,5230,15230
-5231,5231,15231
-5232,5232,15232
-5233,5233,15233
-5234,5234,15234
-5235,5235,15235
-5236,5236,15236
-5237,5237,15237
-5238,5238,15238
-5239,5239,15239
-5240,5240,15240
-5241,5241,15241
-5242,5242,15242
-5243,5243,15243
-5244,5244,15244
-5245,5245,15245
-5246,5246,15246
-5247,5247,15247
-5248,5248,15248
-5249,5249,15249
-5250,5250,15250
-5251,5251,15251
-5252,5252,15252
-5253,5253,15253
-5254,5254,15254
-5255,5255,15255
-5256,5256,15256
-5257,5257,15257
-5258,5258,15258
-5259,5259,15259
-5260,5260,15260
-5261,5261,15261
-5262,5262,15262
-5263,5263,15263
-5264,5264,15264
-5265,5265,15265
-5266,5266,15266
-5267,5267,15267
-5268,5268,15268
-5269,5269,15269
-5270,5270,15270
-5271,5271,15271
-5272,5272,15272
-5273,5273,15273
-5274,5274,15274
-5275,5275,15275
-5276,5276,15276
-5277,5277,15277
-5278,5278,15278
-5279,5279,15279
-5280,5280,15280
-5281,5281,15281
-5282,5282,15282
-5283,5283,15283
-5284,5284,15284
-5285,5285,15285
-5286,5286,15286
-5287,5287,15287
-5288,5288,15288
-5289,5289,15289
-5290,5290,15290
-5291,5291,15291
-5292,5292,15292
-5293,5293,15293
-5294,5294,15294
-5295,5295,15295
-5296,5296,15296
-5297,5297,15297
-5298,5298,15298
-5299,5299,15299
-5300,5300,15300
-5301,5301,15301
-5302,5302,15302
-5303,5303,15303
-5304,5304,15304
-5305,5305,15305
-5306,5306,15306
-5307,5307,15307
-5308,5308,15308
-5309,5309,15309
-5310,5310,15310
-5311,5311,15311
-5312,5312,15312
-5313,5313,15313
-5314,5314,15314
-5315,5315,15315
-5316,5316,15316
-5317,5317,15317
-5318,5318,15318
-5319,5319,15319
-5320,5320,15320
-5321,5321,15321
-5322,5322,15322
-5323,5323,15323
-5324,5324,15324
-5325,5325,15325
-5326,5326,15326
-5327,5327,15327
-5328,5328,15328
-5329,5329,15329
-5330,5330,15330
-5331,5331,15331
-5332,5332,15332
-5333,5333,15333
-5334,5334,15334
-5335,5335,15335
-5336,5336,15336
-5337,5337,15337
-5338,5338,15338
-5339,5339,15339
-5340,5340,15340
-5341,5341,15341
-5342,5342,15342
-5343,5343,15343
-5344,5344,15344
-5345,5345,15345
-5346,5346,15346
-5347,5347,15347
-5348,5348,15348
-5349,5349,15349
-5350,5350,15350
-5351,5351,15351
-5352,5352,15352
-5353,5353,15353
-5354,5354,15354
-5355,5355,15355
-5356,5356,15356
-5357,5357,15357
-5358,5358,15358
-5359,5359,15359
-5360,5360,15360
-5361,5361,15361
-5362,5362,15362
-5363,5363,15363
-5364,5364,15364
-5365,5365,15365
-5366,5366,15366
-5367,5367,15367
-5368,5368,15368
-5369,5369,15369
-5370,5370,15370
-5371,5371,15371
-5372,5372,15372
-5373,5373,15373
-5374,5374,15374
-5375,5375,15375
-5376,5376,15376
-5377,5377,15377
-5378,5378,15378
-5379,5379,15379
-5380,5380,15380
-5381,5381,15381
-5382,5382,15382
-5383,5383,15383
-5384,5384,15384
-5385,5385,15385
-5386,5386,15386
-5387,5387,15387
-5388,5388,15388
-5389,5389,15389
-5390,5390,15390
-5391,5391,15391
-5392,5392,15392
-5393,5393,15393
-5394,5394,15394
-5395,5395,15395
-5396,5396,15396
-5397,5397,15397
-5398,5398,15398
-5399,5399,15399
-5400,5400,15400
-5401,5401,15401
-5402,5402,15402
-5403,5403,15403
-5404,5404,15404
-5405,5405,15405
-5406,5406,15406
-5407,5407,15407
-5408,5408,15408
-5409,5409,15409
-5410,5410,15410
-5411,5411,15411
-5412,5412,15412
-5413,5413,15413
-5414,5414,15414
-5415,5415,15415
-5416,5416,15416
-5417,5417,15417
-5418,5418,15418
-5419,5419,15419
-5420,5420,15420
-5421,5421,15421
-5422,5422,15422
-5423,5423,15423
-5424,5424,15424
-5425,5425,15425
-5426,5426,15426
-5427,5427,15427
-5428,5428,15428
-5429,5429,15429
-5430,5430,15430
-5431,5431,15431
-5432,5432,15432
-5433,5433,15433
-5434,5434,15434
-5435,5435,15435
-5436,5436,15436
-5437,5437,15437
-5438,5438,15438
-5439,5439,15439
-5440,5440,15440
-5441,5441,15441
-5442,5442,15442
-5443,5443,15443
-5444,5444,15444
-5445,5445,15445
-5446,5446,15446
-5447,5447,15447
-5448,5448,15448
-5449,5449,15449
-5450,5450,15450
-5451,5451,15451
-5452,5452,15452
-5453,5453,15453
-5454,5454,15454
-5455,5455,15455
-5456,5456,15456
-5457,5457,15457
-5458,5458,15458
-5459,5459,15459
-5460,5460,15460
-5461,5461,15461
-5462,5462,15462
-5463,5463,15463
-5464,5464,15464
-5465,5465,15465
-5466,5466,15466
-5467,5467,15467
-5468,5468,15468
-5469,5469,15469
-5470,5470,15470
-5471,5471,15471
-5472,5472,15472
-5473,5473,15473
-5474,5474,15474
-5475,5475,15475
-5476,5476,15476
-5477,5477,15477
-5478,5478,15478
-5479,5479,15479
-5480,5480,15480
-5481,5481,15481
-5482,5482,15482
-5483,5483,15483
-5484,5484,15484
-5485,5485,15485
-5486,5486,15486
-5487,5487,15487
-5488,5488,15488
-5489,5489,15489
-5490,5490,15490
-5491,5491,15491
-5492,5492,15492
-5493,5493,15493
-5494,5494,15494
-5495,5495,15495
-5496,5496,15496
-5497,5497,15497
-5498,5498,15498
-5499,5499,15499
-5500,5500,15500
-5501,5501,15501
-5502,5502,15502
-5503,5503,15503
-5504,5504,15504
-5505,5505,15505
-5506,5506,15506
-5507,5507,15507
-5508,5508,15508
-5509,5509,15509
-5510,5510,15510
-5511,5511,15511
-5512,5512,15512
-5513,5513,15513
-5514,5514,15514
-5515,5515,15515
-5516,5516,15516
-5517,5517,15517
-5518,5518,15518
-5519,5519,15519
-5520,5520,15520
-5521,5521,15521
-5522,5522,15522
-5523,5523,15523
-5524,5524,15524
-5525,5525,15525
-5526,5526,15526
-5527,5527,15527
-5528,5528,15528
-5529,5529,15529
-5530,5530,15530
-5531,5531,15531
-5532,5532,15532
-5533,5533,15533
-5534,5534,15534
-5535,5535,15535
-5536,5536,15536
-5537,5537,15537
-5538,5538,15538
-5539,5539,15539
-5540,5540,15540
-5541,5541,15541
-5542,5542,15542
-5543,5543,15543
-5544,5544,15544
-5545,5545,15545
-5546,5546,15546
-5547,5547,15547
-5548,5548,15548
-5549,5549,15549
-5550,5550,15550
-5551,5551,15551
-5552,5552,15552
-5553,5553,15553
-5554,5554,15554
-5555,5555,15555
-5556,5556,15556
-5557,5557,15557
-5558,5558,15558
-5559,5559,15559
-5560,5560,15560
-5561,5561,15561
-5562,5562,15562
-5563,5563,15563
-5564,5564,15564
-5565,5565,15565
-5566,5566,15566
-5567,5567,15567
-5568,5568,15568
-5569,5569,15569
-5570,5570,15570
-5571,5571,15571
-5572,5572,15572
-5573,5573,15573
-5574,5574,15574
-5575,5575,15575
-5576,5576,15576
-5577,5577,15577
-5578,5578,15578
-5579,5579,15579
-5580,5580,15580
-5581,5581,15581
-5582,5582,15582
-5583,5583,15583
-5584,5584,15584
-5585,5585,15585
-5586,5586,15586
-5587,5587,15587
-5588,5588,15588
-5589,5589,15589
-5590,5590,15590
-5591,5591,15591
-5592,5592,15592
-5593,5593,15593
-5594,5594,15594
-5595,5595,15595
-5596,5596,15596
-5597,5597,15597
-5598,5598,15598
-5599,5599,15599
-5600,5600,15600
-5601,5601,15601
-5602,5602,15602
-5603,5603,15603
-5604,5604,15604
-5605,5605,15605
-5606,5606,15606
-5607,5607,15607
-5608,5608,15608
-5609,5609,15609
-5610,5610,15610
-5611,5611,15611
-5612,5612,15612
-5613,5613,15613
-5614,5614,15614
-5615,5615,15615
-5616,5616,15616
-5617,5617,15617
-5618,5618,15618
-5619,5619,15619
-5620,5620,15620
-5621,5621,15621
-5622,5622,15622
-5623,5623,15623
-5624,5624,15624
-5625,5625,15625
-5626,5626,15626
-5627,5627,15627
-5628,5628,15628
-5629,5629,15629
-5630,5630,15630
-5631,5631,15631
-5632,5632,15632
-5633,5633,15633
-5634,5634,15634
-5635,5635,15635
-5636,5636,15636
-5637,5637,15637
-5638,5638,15638
-5639,5639,15639
-5640,5640,15640
-5641,5641,15641
-5642,5642,15642
-5643,5643,15643
-5644,5644,15644
-5645,5645,15645
-5646,5646,15646
-5647,5647,15647
-5648,5648,15648
-5649,5649,15649
-5650,5650,15650
-5651,5651,15651
-5652,5652,15652
-5653,5653,15653
-5654,5654,15654
-5655,5655,15655
-5656,5656,15656
-5657,5657,15657
-5658,5658,15658
-5659,5659,15659
-5660,5660,15660
-5661,5661,15661
-5662,5662,15662
-5663,5663,15663
-5664,5664,15664
-5665,5665,15665
-5666,5666,15666
-5667,5667,15667
-5668,5668,15668
-5669,5669,15669
-5670,5670,15670
-5671,5671,15671
-5672,5672,15672
-5673,5673,15673
-5674,5674,15674
-5675,5675,15675
-5676,5676,15676
-5677,5677,15677
-5678,5678,15678
-5679,5679,15679
-5680,5680,15680
-5681,5681,15681
-5682,5682,15682
-5683,5683,15683
-5684,5684,15684
-5685,5685,15685
-5686,5686,15686
-5687,5687,15687
-5688,5688,15688
-5689,5689,15689
-5690,5690,15690
-5691,5691,15691
-5692,5692,15692
-5693,5693,15693
-5694,5694,15694
-5695,5695,15695
-5696,5696,15696
-5697,5697,15697
-5698,5698,15698
-5699,5699,15699
-5700,5700,15700
-5701,5701,15701
-5702,5702,15702
-5703,5703,15703
-5704,5704,15704
-5705,5705,15705
-5706,5706,15706
-5707,5707,15707
-5708,5708,15708
-5709,5709,15709
-5710,5710,15710
-5711,5711,15711
-5712,5712,15712
-5713,5713,15713
-5714,5714,15714
-5715,5715,15715
-5716,5716,15716
-5717,5717,15717
-5718,5718,15718
-5719,5719,15719
-5720,5720,15720
-5721,5721,15721
-5722,5722,15722
-5723,5723,15723
-5724,5724,15724
-5725,5725,15725
-5726,5726,15726
-5727,5727,15727
-5728,5728,15728
-5729,5729,15729
-5730,5730,15730
-5731,5731,15731
-5732,5732,15732
-5733,5733,15733
-5734,5734,15734
-5735,5735,15735
-5736,5736,15736
-5737,5737,15737
-5738,5738,15738
-5739,5739,15739
-5740,5740,15740
-5741,5741,15741
-5742,5742,15742
-5743,5743,15743
-5744,5744,15744
-5745,5745,15745
-5746,5746,15746
-5747,5747,15747
-5748,5748,15748
-5749,5749,15749
-5750,5750,15750
-5751,5751,15751
-5752,5752,15752
-5753,5753,15753
-5754,5754,15754
-5755,5755,15755
-5756,5756,15756
-5757,5757,15757
-5758,5758,15758
-5759,5759,15759
-5760,5760,15760
-5761,5761,15761
-5762,5762,15762
-5763,5763,15763
-5764,5764,15764
-5765,5765,15765
-5766,5766,15766
-5767,5767,15767
-5768,5768,15768
-5769,5769,15769
-5770,5770,15770
-5771,5771,15771
-5772,5772,15772
-5773,5773,15773
-5774,5774,15774
-5775,5775,15775
-5776,5776,15776
-5777,5777,15777
-5778,5778,15778
-5779,5779,15779
-5780,5780,15780
-5781,5781,15781
-5782,5782,15782
-5783,5783,15783
-5784,5784,15784
-5785,5785,15785
-5786,5786,15786
-5787,5787,15787
-5788,5788,15788
-5789,5789,15789
-5790,5790,15790
-5791,5791,15791
-5792,5792,15792
-5793,5793,15793
-5794,5794,15794
-5795,5795,15795
-5796,5796,15796
-5797,5797,15797
-5798,5798,15798
-5799,5799,15799
-5800,5800,15800
-5801,5801,15801
-5802,5802,15802
-5803,5803,15803
-5804,5804,15804
-5805,5805,15805
-5806,5806,15806
-5807,5807,15807
-5808,5808,15808
-5809,5809,15809
-5810,5810,15810
-5811,5811,15811
-5812,5812,15812
-5813,5813,15813
-5814,5814,15814
-5815,5815,15815
-5816,5816,15816
-5817,5817,15817
-5818,5818,15818
-5819,5819,15819
-5820,5820,15820
-5821,5821,15821
-5822,5822,15822
-5823,5823,15823
-5824,5824,15824
-5825,5825,15825
-5826,5826,15826
-5827,5827,15827
-5828,5828,15828
-5829,5829,15829
-5830,5830,15830
-5831,5831,15831
-5832,5832,15832
-5833,5833,15833
-5834,5834,15834
-5835,5835,15835
-5836,5836,15836
-5837,5837,15837
-5838,5838,15838
-5839,5839,15839
-5840,5840,15840
-5841,5841,15841
-5842,5842,15842
-5843,5843,15843
-5844,5844,15844
-5845,5845,15845
-5846,5846,15846
-5847,5847,15847
-5848,5848,15848
-5849,5849,15849
-5850,5850,15850
-5851,5851,15851
-5852,5852,15852
-5853,5853,15853
-5854,5854,15854
-5855,5855,15855
-5856,5856,15856
-5857,5857,15857
-5858,5858,15858
-5859,5859,15859
-5860,5860,15860
-5861,5861,15861
-5862,5862,15862
-5863,5863,15863
-5864,5864,15864
-5865,5865,15865
-5866,5866,15866
-5867,5867,15867
-5868,5868,15868
-5869,5869,15869
-5870,5870,15870
-5871,5871,15871
-5872,5872,15872
-5873,5873,15873
-5874,5874,15874
-5875,5875,15875
-5876,5876,15876
-5877,5877,15877
-5878,5878,15878
-5879,5879,15879
-5880,5880,15880
-5881,5881,15881
-5882,5882,15882
-5883,5883,15883
-5884,5884,15884
-5885,5885,15885
-5886,5886,15886
-5887,5887,15887
-5888,5888,15888
-5889,5889,15889
-5890,5890,15890
-5891,5891,15891
-5892,5892,15892
-5893,5893,15893
-5894,5894,15894
-5895,5895,15895
-5896,5896,15896
-5897,5897,15897
-5898,5898,15898
-5899,5899,15899
-5900,5900,15900
-5901,5901,15901
-5902,5902,15902
-5903,5903,15903
-5904,5904,15904
-5905,5905,15905
-5906,5906,15906
-5907,5907,15907
-5908,5908,15908
-5909,5909,15909
-5910,5910,15910
-5911,5911,15911
-5912,5912,15912
-5913,5913,15913
-5914,5914,15914
-5915,5915,15915
-5916,5916,15916
-5917,5917,15917
-5918,5918,15918
-5919,5919,15919
-5920,5920,15920
-5921,5921,15921
-5922,5922,15922
-5923,5923,15923
-5924,5924,15924
-5925,5925,15925
-5926,5926,15926
-5927,5927,15927
-5928,5928,15928
-5929,5929,15929
-5930,5930,15930
-5931,5931,15931
-5932,5932,15932
-5933,5933,15933
-5934,5934,15934
-5935,5935,15935
-5936,5936,15936
-5937,5937,15937
-5938,5938,15938
-5939,5939,15939
-5940,5940,15940
-5941,5941,15941
-5942,5942,15942
-5943,5943,15943
-5944,5944,15944
-5945,5945,15945
-5946,5946,15946
-5947,5947,15947
-5948,5948,15948
-5949,5949,15949
-5950,5950,15950
-5951,5951,15951
-5952,5952,15952
-5953,5953,15953
-5954,5954,15954
-5955,5955,15955
-5956,5956,15956
-5957,5957,15957
-5958,5958,15958
-5959,5959,15959
-5960,5960,15960
-5961,5961,15961
-5962,5962,15962
-5963,5963,15963
-5964,5964,15964
-5965,5965,15965
-5966,5966,15966
-5967,5967,15967
-5968,5968,15968
-5969,5969,15969
-5970,5970,15970
-5971,5971,15971
-5972,5972,15972
-5973,5973,15973
-5974,5974,15974
-5975,5975,15975
-5976,5976,15976
-5977,5977,15977
-5978,5978,15978
-5979,5979,15979
-5980,5980,15980
-5981,5981,15981
-5982,5982,15982
-5983,5983,15983
-5984,5984,15984
-5985,5985,15985
-5986,5986,15986
-5987,5987,15987
-5988,5988,15988
-5989,5989,15989
-5990,5990,15990
-5991,5991,15991
-5992,5992,15992
-5993,5993,15993
-5994,5994,15994
-5995,5995,15995
-5996,5996,15996
-5997,5997,15997
-5998,5998,15998
-5999,5999,15999
-6000,6000,16000
-6001,6001,16001
-6002,6002,16002
-6003,6003,16003
-6004,6004,16004
-6005,6005,16005
-6006,6006,16006
-6007,6007,16007
-6008,6008,16008
-6009,6009,16009
-6010,6010,16010
-6011,6011,16011
-6012,6012,16012
-6013,6013,16013
-6014,6014,16014
-6015,6015,16015
-6016,6016,16016
-6017,6017,16017
-6018,6018,16018
-6019,6019,16019
-6020,6020,16020
-6021,6021,16021
-6022,6022,16022
-6023,6023,16023
-6024,6024,16024
-6025,6025,16025
-6026,6026,16026
-6027,6027,16027
-6028,6028,16028
-6029,6029,16029
-6030,6030,16030
-6031,6031,16031
-6032,6032,16032
-6033,6033,16033
-6034,6034,16034
-6035,6035,16035
-6036,6036,16036
-6037,6037,16037
-6038,6038,16038
-6039,6039,16039
-6040,6040,16040
-6041,6041,16041
-6042,6042,16042
-6043,6043,16043
-6044,6044,16044
-6045,6045,16045
-6046,6046,16046
-6047,6047,16047
-6048,6048,16048
-6049,6049,16049
-6050,6050,16050
-6051,6051,16051
-6052,6052,16052
-6053,6053,16053
-6054,6054,16054
-6055,6055,16055
-6056,6056,16056
-6057,6057,16057
-6058,6058,16058
-6059,6059,16059
-6060,6060,16060
-6061,6061,16061
-6062,6062,16062
-6063,6063,16063
-6064,6064,16064
-6065,6065,16065
-6066,6066,16066
-6067,6067,16067
-6068,6068,16068
-6069,6069,16069
-6070,6070,16070
-6071,6071,16071
-6072,6072,16072
-6073,6073,16073
-6074,6074,16074
-6075,6075,16075
-6076,6076,16076
-6077,6077,16077
-6078,6078,16078
-6079,6079,16079
-6080,6080,16080
-6081,6081,16081
-6082,6082,16082
-6083,6083,16083
-6084,6084,16084
-6085,6085,16085
-6086,6086,16086
-6087,6087,16087
-6088,6088,16088
-6089,6089,16089
-6090,6090,16090
-6091,6091,16091
-6092,6092,16092
-6093,6093,16093
-6094,6094,16094
-6095,6095,16095
-6096,6096,16096
-6097,6097,16097
-6098,6098,16098
-6099,6099,16099
-6100,6100,16100
-6101,6101,16101
-6102,6102,16102
-6103,6103,16103
-6104,6104,16104
-6105,6105,16105
-6106,6106,16106
-6107,6107,16107
-6108,6108,16108
-6109,6109,16109
-6110,6110,16110
-6111,6111,16111
-6112,6112,16112
-6113,6113,16113
-6114,6114,16114
-6115,6115,16115
-6116,6116,16116
-6117,6117,16117
-6118,6118,16118
-6119,6119,16119
-6120,6120,16120
-6121,6121,16121
-6122,6122,16122
-6123,6123,16123
-6124,6124,16124
-6125,6125,16125
-6126,6126,16126
-6127,6127,16127
-6128,6128,16128
-6129,6129,16129
-6130,6130,16130
-6131,6131,16131
-6132,6132,16132
-6133,6133,16133
-6134,6134,16134
-6135,6135,16135
-6136,6136,16136
-6137,6137,16137
-6138,6138,16138
-6139,6139,16139
-6140,6140,16140
-6141,6141,16141
-6142,6142,16142
-6143,6143,16143
-6144,6144,16144
-6145,6145,16145
-6146,6146,16146
-6147,6147,16147
-6148,6148,16148
-6149,6149,16149
-6150,6150,16150
-6151,6151,16151
-6152,6152,16152
-6153,6153,16153
-6154,6154,16154
-6155,6155,16155
-6156,6156,16156
-6157,6157,16157
-6158,6158,16158
-6159,6159,16159
-6160,6160,16160
-6161,6161,16161
-6162,6162,16162
-6163,6163,16163
-6164,6164,16164
-6165,6165,16165
-6166,6166,16166
-6167,6167,16167
-6168,6168,16168
-6169,6169,16169
-6170,6170,16170
-6171,6171,16171
-6172,6172,16172
-6173,6173,16173
-6174,6174,16174
-6175,6175,16175
-6176,6176,16176
-6177,6177,16177
-6178,6178,16178
-6179,6179,16179
-6180,6180,16180
-6181,6181,16181
-6182,6182,16182
-6183,6183,16183
-6184,6184,16184
-6185,6185,16185
-6186,6186,16186
-6187,6187,16187
-6188,6188,16188
-6189,6189,16189
-6190,6190,16190
-6191,6191,16191
-6192,6192,16192
-6193,6193,16193
-6194,6194,16194
-6195,6195,16195
-6196,6196,16196
-6197,6197,16197
-6198,6198,16198
-6199,6199,16199
-6200,6200,16200
-6201,6201,16201
-6202,6202,16202
-6203,6203,16203
-6204,6204,16204
-6205,6205,16205
-6206,6206,16206
-6207,6207,16207
-6208,6208,16208
-6209,6209,16209
-6210,6210,16210
-6211,6211,16211
-6212,6212,16212
-6213,6213,16213
-6214,6214,16214
-6215,6215,16215
-6216,6216,16216
-6217,6217,16217
-6218,6218,16218
-6219,6219,16219
-6220,6220,16220
-6221,6221,16221
-6222,6222,16222
-6223,6223,16223
-6224,6224,16224
-6225,6225,16225
-6226,6226,16226
-6227,6227,16227
-6228,6228,16228
-6229,6229,16229
-6230,6230,16230
-6231,6231,16231
-6232,6232,16232
-6233,6233,16233
-6234,6234,16234
-6235,6235,16235
-6236,6236,16236
-6237,6237,16237
-6238,6238,16238
-6239,6239,16239
-6240,6240,16240
-6241,6241,16241
-6242,6242,16242
-6243,6243,16243
-6244,6244,16244
-6245,6245,16245
-6246,6246,16246
-6247,6247,16247
-6248,6248,16248
-6249,6249,16249
-6250,6250,16250
-6251,6251,16251
-6252,6252,16252
-6253,6253,16253
-6254,6254,16254
-6255,6255,16255
-6256,6256,16256
-6257,6257,16257
-6258,6258,16258
-6259,6259,16259
-6260,6260,16260
-6261,6261,16261
-6262,6262,16262
-6263,6263,16263
-6264,6264,16264
-6265,6265,16265
-6266,6266,16266
-6267,6267,16267
-6268,6268,16268
-6269,6269,16269
-6270,6270,16270
-6271,6271,16271
-6272,6272,16272
-6273,6273,16273
-6274,6274,16274
-6275,6275,16275
-6276,6276,16276
-6277,6277,16277
-6278,6278,16278
-6279,6279,16279
-6280,6280,16280
-6281,6281,16281
-6282,6282,16282
-6283,6283,16283
-6284,6284,16284
-6285,6285,16285
-6286,6286,16286
-6287,6287,16287
-6288,6288,16288
-6289,6289,16289
-6290,6290,16290
-6291,6291,16291
-6292,6292,16292
-6293,6293,16293
-6294,6294,16294
-6295,6295,16295
-6296,6296,16296
-6297,6297,16297
-6298,6298,16298
-6299,6299,16299
-6300,6300,16300
-6301,6301,16301
-6302,6302,16302
-6303,6303,16303
-6304,6304,16304
-6305,6305,16305
-6306,6306,16306
-6307,6307,16307
-6308,6308,16308
-6309,6309,16309
-6310,6310,16310
-6311,6311,16311
-6312,6312,16312
-6313,6313,16313
-6314,6314,16314
-6315,6315,16315
-6316,6316,16316
-6317,6317,16317
-6318,6318,16318
-6319,6319,16319
-6320,6320,16320
-6321,6321,16321
-6322,6322,16322
-6323,6323,16323
-6324,6324,16324
-6325,6325,16325
-6326,6326,16326
-6327,6327,16327
-6328,6328,16328
-6329,6329,16329
-6330,6330,16330
-6331,6331,16331
-6332,6332,16332
-6333,6333,16333
-6334,6334,16334
-6335,6335,16335
-6336,6336,16336
-6337,6337,16337
-6338,6338,16338
-6339,6339,16339
-6340,6340,16340
-6341,6341,16341
-6342,6342,16342
-6343,6343,16343
-6344,6344,16344
-6345,6345,16345
-6346,6346,16346
-6347,6347,16347
-6348,6348,16348
-6349,6349,16349
-6350,6350,16350
-6351,6351,16351
-6352,6352,16352
-6353,6353,16353
-6354,6354,16354
-6355,6355,16355
-6356,6356,16356
-6357,6357,16357
-6358,6358,16358
-6359,6359,16359
-6360,6360,16360
-6361,6361,16361
-6362,6362,16362
-6363,6363,16363
-6364,6364,16364
-6365,6365,16365
-6366,6366,16366
-6367,6367,16367
-6368,6368,16368
-6369,6369,16369
-6370,6370,16370
-6371,6371,16371
-6372,6372,16372
-6373,6373,16373
-6374,6374,16374
-6375,6375,16375
-6376,6376,16376
-6377,6377,16377
-6378,6378,16378
-6379,6379,16379
-6380,6380,16380
-6381,6381,16381
-6382,6382,16382
-6383,6383,16383
-6384,6384,16384
-6385,6385,16385
-6386,6386,16386
-6387,6387,16387
-6388,6388,16388
-6389,6389,16389
-6390,6390,16390
-6391,6391,16391
-6392,6392,16392
-6393,6393,16393
-6394,6394,16394
-6395,6395,16395
-6396,6396,16396
-6397,6397,16397
-6398,6398,16398
-6399,6399,16399
-6400,6400,16400
-6401,6401,16401
-6402,6402,16402
-6403,6403,16403
-6404,6404,16404
-6405,6405,16405
-6406,6406,16406
-6407,6407,16407
-6408,6408,16408
-6409,6409,16409
-6410,6410,16410
-6411,6411,16411
-6412,6412,16412
-6413,6413,16413
-6414,6414,16414
-6415,6415,16415
-6416,6416,16416
-6417,6417,16417
-6418,6418,16418
-6419,6419,16419
-6420,6420,16420
-6421,6421,16421
-6422,6422,16422
-6423,6423,16423
-6424,6424,16424
-6425,6425,16425
-6426,6426,16426
-6427,6427,16427
-6428,6428,16428
-6429,6429,16429
-6430,6430,16430
-6431,6431,16431
-6432,6432,16432
-6433,6433,16433
-6434,6434,16434
-6435,6435,16435
-6436,6436,16436
-6437,6437,16437
-6438,6438,16438
-6439,6439,16439
-6440,6440,16440
-6441,6441,16441
-6442,6442,16442
-6443,6443,16443
-6444,6444,16444
-6445,6445,16445
-6446,6446,16446
-6447,6447,16447
-6448,6448,16448
-6449,6449,16449
-6450,6450,16450
-6451,6451,16451
-6452,6452,16452
-6453,6453,16453
-6454,6454,16454
-6455,6455,16455
-6456,6456,16456
-6457,6457,16457
-6458,6458,16458
-6459,6459,16459
-6460,6460,16460
-6461,6461,16461
-6462,6462,16462
-6463,6463,16463
-6464,6464,16464
-6465,6465,16465
-6466,6466,16466
-6467,6467,16467
-6468,6468,16468
-6469,6469,16469
-6470,6470,16470
-6471,6471,16471
-6472,6472,16472
-6473,6473,16473
-6474,6474,16474
-6475,6475,16475
-6476,6476,16476
-6477,6477,16477
-6478,6478,16478
-6479,6479,16479
-6480,6480,16480
-6481,6481,16481
-6482,6482,16482
-6483,6483,16483
-6484,6484,16484
-6485,6485,16485
-6486,6486,16486
-6487,6487,16487
-6488,6488,16488
-6489,6489,16489
-6490,6490,16490
-6491,6491,16491
-6492,6492,16492
-6493,6493,16493
-6494,6494,16494
-6495,6495,16495
-6496,6496,16496
-6497,6497,16497
-6498,6498,16498
-6499,6499,16499
-6500,6500,16500
-6501,6501,16501
-6502,6502,16502
-6503,6503,16503
-6504,6504,16504
-6505,6505,16505
-6506,6506,16506
-6507,6507,16507
-6508,6508,16508
-6509,6509,16509
-6510,6510,16510
-6511,6511,16511
-6512,6512,16512
-6513,6513,16513
-6514,6514,16514
-6515,6515,16515
-6516,6516,16516
-6517,6517,16517
-6518,6518,16518
-6519,6519,16519
-6520,6520,16520
-6521,6521,16521
-6522,6522,16522
-6523,6523,16523
-6524,6524,16524
-6525,6525,16525
-6526,6526,16526
-6527,6527,16527
-6528,6528,16528
-6529,6529,16529
-6530,6530,16530
-6531,6531,16531
-6532,6532,16532
-6533,6533,16533
-6534,6534,16534
-6535,6535,16535
-6536,6536,16536
-6537,6537,16537
-6538,6538,16538
-6539,6539,16539
-6540,6540,16540
-6541,6541,16541
-6542,6542,16542
-6543,6543,16543
-6544,6544,16544
-6545,6545,16545
-6546,6546,16546
-6547,6547,16547
-6548,6548,16548
-6549,6549,16549
-6550,6550,16550
-6551,6551,16551
-6552,6552,16552
-6553,6553,16553
-6554,6554,16554
-6555,6555,16555
-6556,6556,16556
-6557,6557,16557
-6558,6558,16558
-6559,6559,16559
-6560,6560,16560
-6561,6561,16561
-6562,6562,16562
-6563,6563,16563
-6564,6564,16564
-6565,6565,16565
-6566,6566,16566
-6567,6567,16567
-6568,6568,16568
-6569,6569,16569
-6570,6570,16570
-6571,6571,16571
-6572,6572,16572
-6573,6573,16573
-6574,6574,16574
-6575,6575,16575
-6576,6576,16576
-6577,6577,16577
-6578,6578,16578
-6579,6579,16579
-6580,6580,16580
-6581,6581,16581
-6582,6582,16582
-6583,6583,16583
-6584,6584,16584
-6585,6585,16585
-6586,6586,16586
-6587,6587,16587
-6588,6588,16588
-6589,6589,16589
-6590,6590,16590
-6591,6591,16591
-6592,6592,16592
-6593,6593,16593
-6594,6594,16594
-6595,6595,16595
-6596,6596,16596
-6597,6597,16597
-6598,6598,16598
-6599,6599,16599
-6600,6600,16600
-6601,6601,16601
-6602,6602,16602
-6603,6603,16603
-6604,6604,16604
-6605,6605,16605
-6606,6606,16606
-6607,6607,16607
-6608,6608,16608
-6609,6609,16609
-6610,6610,16610
-6611,6611,16611
-6612,6612,16612
-6613,6613,16613
-6614,6614,16614
-6615,6615,16615
-6616,6616,16616
-6617,6617,16617
-6618,6618,16618
-6619,6619,16619
-6620,6620,16620
-6621,6621,16621
-6622,6622,16622
-6623,6623,16623
-6624,6624,16624
-6625,6625,16625
-6626,6626,16626
-6627,6627,16627
-6628,6628,16628
-6629,6629,16629
-6630,6630,16630
-6631,6631,16631
-6632,6632,16632
-6633,6633,16633
-6634,6634,16634
-6635,6635,16635
-6636,6636,16636
-6637,6637,16637
-6638,6638,16638
-6639,6639,16639
-6640,6640,16640
-6641,6641,16641
-6642,6642,16642
-6643,6643,16643
-6644,6644,16644
-6645,6645,16645
-6646,6646,16646
-6647,6647,16647
-6648,6648,16648
-6649,6649,16649
-6650,6650,16650
-6651,6651,16651
-6652,6652,16652
-6653,6653,16653
-6654,6654,16654
-6655,6655,16655
-6656,6656,16656
-6657,6657,16657
-6658,6658,16658
-6659,6659,16659
-6660,6660,16660
-6661,6661,16661
-6662,6662,16662
-6663,6663,16663
-6664,6664,16664
-6665,6665,16665
-6666,6666,16666
-6667,6667,16667
-6668,6668,16668
-6669,6669,16669
-6670,6670,16670
-6671,6671,16671
-6672,6672,16672
-6673,6673,16673
-6674,6674,16674
-6675,6675,16675
-6676,6676,16676
-6677,6677,16677
-6678,6678,16678
-6679,6679,16679
-6680,6680,16680
-6681,6681,16681
-6682,6682,16682
-6683,6683,16683
-6684,6684,16684
-6685,6685,16685
-6686,6686,16686
-6687,6687,16687
-6688,6688,16688
-6689,6689,16689
-6690,6690,16690
-6691,6691,16691
-6692,6692,16692
-6693,6693,16693
-6694,6694,16694
-6695,6695,16695
-6696,6696,16696
-6697,6697,16697
-6698,6698,16698
-6699,6699,16699
-6700,6700,16700
-6701,6701,16701
-6702,6702,16702
-6703,6703,16703
-6704,6704,16704
-6705,6705,16705
-6706,6706,16706
-6707,6707,16707
-6708,6708,16708
-6709,6709,16709
-6710,6710,16710
-6711,6711,16711
-6712,6712,16712
-6713,6713,16713
-6714,6714,16714
-6715,6715,16715
-6716,6716,16716
-6717,6717,16717
-6718,6718,16718
-6719,6719,16719
-6720,6720,16720
-6721,6721,16721
-6722,6722,16722
-6723,6723,16723
-6724,6724,16724
-6725,6725,16725
-6726,6726,16726
-6727,6727,16727
-6728,6728,16728
-6729,6729,16729
-6730,6730,16730
-6731,6731,16731
-6732,6732,16732
-6733,6733,16733
-6734,6734,16734
-6735,6735,16735
-6736,6736,16736
-6737,6737,16737
-6738,6738,16738
-6739,6739,16739
-6740,6740,16740
-6741,6741,16741
-6742,6742,16742
-6743,6743,16743
-6744,6744,16744
-6745,6745,16745
-6746,6746,16746
-6747,6747,16747
-6748,6748,16748
-6749,6749,16749
-6750,6750,16750
-6751,6751,16751
-6752,6752,16752
-6753,6753,16753
-6754,6754,16754
-6755,6755,16755
-6756,6756,16756
-6757,6757,16757
-6758,6758,16758
-6759,6759,16759
-6760,6760,16760
-6761,6761,16761
-6762,6762,16762
-6763,6763,16763
-6764,6764,16764
-6765,6765,16765
-6766,6766,16766
-6767,6767,16767
-6768,6768,16768
-6769,6769,16769
-6770,6770,16770
-6771,6771,16771
-6772,6772,16772
-6773,6773,16773
-6774,6774,16774
-6775,6775,16775
-6776,6776,16776
-6777,6777,16777
-6778,6778,16778
-6779,6779,16779
-6780,6780,16780
-6781,6781,16781
-6782,6782,16782
-6783,6783,16783
-6784,6784,16784
-6785,6785,16785
-6786,6786,16786
-6787,6787,16787
-6788,6788,16788
-6789,6789,16789
-6790,6790,16790
-6791,6791,16791
-6792,6792,16792
-6793,6793,16793
-6794,6794,16794
-6795,6795,16795
-6796,6796,16796
-6797,6797,16797
-6798,6798,16798
-6799,6799,16799
-6800,6800,16800
-6801,6801,16801
-6802,6802,16802
-6803,6803,16803
-6804,6804,16804
-6805,6805,16805
-6806,6806,16806
-6807,6807,16807
-6808,6808,16808
-6809,6809,16809
-6810,6810,16810
-6811,6811,16811
-6812,6812,16812
-6813,6813,16813
-6814,6814,16814
-6815,6815,16815
-6816,6816,16816
-6817,6817,16817
-6818,6818,16818
-6819,6819,16819
-6820,6820,16820
-6821,6821,16821
-6822,6822,16822
-6823,6823,16823
-6824,6824,16824
-6825,6825,16825
-6826,6826,16826
-6827,6827,16827
-6828,6828,16828
-6829,6829,16829
-6830,6830,16830
-6831,6831,16831
-6832,6832,16832
-6833,6833,16833
-6834,6834,16834
-6835,6835,16835
-6836,6836,16836
-6837,6837,16837
-6838,6838,16838
-6839,6839,16839
-6840,6840,16840
-6841,6841,16841
-6842,6842,16842
-6843,6843,16843
-6844,6844,16844
-6845,6845,16845
-6846,6846,16846
-6847,6847,16847
-6848,6848,16848
-6849,6849,16849
-6850,6850,16850
-6851,6851,16851
-6852,6852,16852
-6853,6853,16853
-6854,6854,16854
-6855,6855,16855
-6856,6856,16856
-6857,6857,16857
-6858,6858,16858
-6859,6859,16859
-6860,6860,16860
-6861,6861,16861
-6862,6862,16862
-6863,6863,16863
-6864,6864,16864
-6865,6865,16865
-6866,6866,16866
-6867,6867,16867
-6868,6868,16868
-6869,6869,16869
-6870,6870,16870
-6871,6871,16871
-6872,6872,16872
-6873,6873,16873
-6874,6874,16874
-6875,6875,16875
-6876,6876,16876
-6877,6877,16877
-6878,6878,16878
-6879,6879,16879
-6880,6880,16880
-6881,6881,16881
-6882,6882,16882
-6883,6883,16883
-6884,6884,16884
-6885,6885,16885
-6886,6886,16886
-6887,6887,16887
-6888,6888,16888
-6889,6889,16889
-6890,6890,16890
-6891,6891,16891
-6892,6892,16892
-6893,6893,16893
-6894,6894,16894
-6895,6895,16895
-6896,6896,16896
-6897,6897,16897
-6898,6898,16898
-6899,6899,16899
-6900,6900,16900
-6901,6901,16901
-6902,6902,16902
-6903,6903,16903
-6904,6904,16904
-6905,6905,16905
-6906,6906,16906
-6907,6907,16907
-6908,6908,16908
-6909,6909,16909
-6910,6910,16910
-6911,6911,16911
-6912,6912,16912
-6913,6913,16913
-6914,6914,16914
-6915,6915,16915
-6916,6916,16916
-6917,6917,16917
-6918,6918,16918
-6919,6919,16919
-6920,6920,16920
-6921,6921,16921
-6922,6922,16922
-6923,6923,16923
-6924,6924,16924
-6925,6925,16925
-6926,6926,16926
-6927,6927,16927
-6928,6928,16928
-6929,6929,16929
-6930,6930,16930
-6931,6931,16931
-6932,6932,16932
-6933,6933,16933
-6934,6934,16934
-6935,6935,16935
-6936,6936,16936
-6937,6937,16937
-6938,6938,16938
-6939,6939,16939
-6940,6940,16940
-6941,6941,16941
-6942,6942,16942
-6943,6943,16943
-6944,6944,16944
-6945,6945,16945
-6946,6946,16946
-6947,6947,16947
-6948,6948,16948
-6949,6949,16949
-6950,6950,16950
-6951,6951,16951
-6952,6952,16952
-6953,6953,16953
-6954,6954,16954
-6955,6955,16955
-6956,6956,16956
-6957,6957,16957
-6958,6958,16958
-6959,6959,16959
-6960,6960,16960
-6961,6961,16961
-6962,6962,16962
-6963,6963,16963
-6964,6964,16964
-6965,6965,16965
-6966,6966,16966
-6967,6967,16967
-6968,6968,16968
-6969,6969,16969
-6970,6970,16970
-6971,6971,16971
-6972,6972,16972
-6973,6973,16973
-6974,6974,16974
-6975,6975,16975
-6976,6976,16976
-6977,6977,16977
-6978,6978,16978
-6979,6979,16979
-6980,6980,16980
-6981,6981,16981
-6982,6982,16982
-6983,6983,16983
-6984,6984,16984
-6985,6985,16985
-6986,6986,16986
-6987,6987,16987
-6988,6988,16988
-6989,6989,16989
-6990,6990,16990
-6991,6991,16991
-6992,6992,16992
-6993,6993,16993
-6994,6994,16994
-6995,6995,16995
-6996,6996,16996
-6997,6997,16997
-6998,6998,16998
-6999,6999,16999
-7000,7000,17000
-7001,7001,17001
-7002,7002,17002
-7003,7003,17003
-7004,7004,17004
-7005,7005,17005
-7006,7006,17006
-7007,7007,17007
-7008,7008,17008
-7009,7009,17009
-7010,7010,17010
-7011,7011,17011
-7012,7012,17012
-7013,7013,17013
-7014,7014,17014
-7015,7015,17015
-7016,7016,17016
-7017,7017,17017
-7018,7018,17018
-7019,7019,17019
-7020,7020,17020
-7021,7021,17021
-7022,7022,17022
-7023,7023,17023
-7024,7024,17024
-7025,7025,17025
-7026,7026,17026
-7027,7027,17027
-7028,7028,17028
-7029,7029,17029
-7030,7030,17030
-7031,7031,17031
-7032,7032,17032
-7033,7033,17033
-7034,7034,17034
-7035,7035,17035
-7036,7036,17036
-7037,7037,17037
-7038,7038,17038
-7039,7039,17039
-7040,7040,17040
-7041,7041,17041
-7042,7042,17042
-7043,7043,17043
-7044,7044,17044
-7045,7045,17045
-7046,7046,17046
-7047,7047,17047
-7048,7048,17048
-7049,7049,17049
-7050,7050,17050
-7051,7051,17051
-7052,7052,17052
-7053,7053,17053
-7054,7054,17054
-7055,7055,17055
-7056,7056,17056
-7057,7057,17057
-7058,7058,17058
-7059,7059,17059
-7060,7060,17060
-7061,7061,17061
-7062,7062,17062
-7063,7063,17063
-7064,7064,17064
-7065,7065,17065
-7066,7066,17066
-7067,7067,17067
-7068,7068,17068
-7069,7069,17069
-7070,7070,17070
-7071,7071,17071
-7072,7072,17072
-7073,7073,17073
-7074,7074,17074
-7075,7075,17075
-7076,7076,17076
-7077,7077,17077
-7078,7078,17078
-7079,7079,17079
-7080,7080,17080
-7081,7081,17081
-7082,7082,17082
-7083,7083,17083
-7084,7084,17084
-7085,7085,17085
-7086,7086,17086
-7087,7087,17087
-7088,7088,17088
-7089,7089,17089
-7090,7090,17090
-7091,7091,17091
-7092,7092,17092
-7093,7093,17093
-7094,7094,17094
-7095,7095,17095
-7096,7096,17096
-7097,7097,17097
-7098,7098,17098
-7099,7099,17099
-7100,7100,17100
-7101,7101,17101
-7102,7102,17102
-7103,7103,17103
-7104,7104,17104
-7105,7105,17105
-7106,7106,17106
-7107,7107,17107
-7108,7108,17108
-7109,7109,17109
-7110,7110,17110
-7111,7111,17111
-7112,7112,17112
-7113,7113,17113
-7114,7114,17114
-7115,7115,17115
-7116,7116,17116
-7117,7117,17117
-7118,7118,17118
-7119,7119,17119
-7120,7120,17120
-7121,7121,17121
-7122,7122,17122
-7123,7123,17123
-7124,7124,17124
-7125,7125,17125
-7126,7126,17126
-7127,7127,17127
-7128,7128,17128
-7129,7129,17129
-7130,7130,17130
-7131,7131,17131
-7132,7132,17132
-7133,7133,17133
-7134,7134,17134
-7135,7135,17135
-7136,7136,17136
-7137,7137,17137
-7138,7138,17138
-7139,7139,17139
-7140,7140,17140
-7141,7141,17141
-7142,7142,17142
-7143,7143,17143
-7144,7144,17144
-7145,7145,17145
-7146,7146,17146
-7147,7147,17147
-7148,7148,17148
-7149,7149,17149
-7150,7150,17150
-7151,7151,17151
-7152,7152,17152
-7153,7153,17153
-7154,7154,17154
-7155,7155,17155
-7156,7156,17156
-7157,7157,17157
-7158,7158,17158
-7159,7159,17159
-7160,7160,17160
-7161,7161,17161
-7162,7162,17162
-7163,7163,17163
-7164,7164,17164
-7165,7165,17165
-7166,7166,17166
-7167,7167,17167
-7168,7168,17168
-7169,7169,17169
-7170,7170,17170
-7171,7171,17171
-7172,7172,17172
-7173,7173,17173
-7174,7174,17174
-7175,7175,17175
-7176,7176,17176
-7177,7177,17177
-7178,7178,17178
-7179,7179,17179
-7180,7180,17180
-7181,7181,17181
-7182,7182,17182
-7183,7183,17183
-7184,7184,17184
-7185,7185,17185
-7186,7186,17186
-7187,7187,17187
-7188,7188,17188
-7189,7189,17189
-7190,7190,17190
-7191,7191,17191
-7192,7192,17192
-7193,7193,17193
-7194,7194,17194
-7195,7195,17195
-7196,7196,17196
-7197,7197,17197
-7198,7198,17198
-7199,7199,17199
-7200,7200,17200
-7201,7201,17201
-7202,7202,17202
-7203,7203,17203
-7204,7204,17204
-7205,7205,17205
-7206,7206,17206
-7207,7207,17207
-7208,7208,17208
-7209,7209,17209
-7210,7210,17210
-7211,7211,17211
-7212,7212,17212
-7213,7213,17213
-7214,7214,17214
-7215,7215,17215
-7216,7216,17216
-7217,7217,17217
-7218,7218,17218
-7219,7219,17219
-7220,7220,17220
-7221,7221,17221
-7222,7222,17222
-7223,7223,17223
-7224,7224,17224
-7225,7225,17225
-7226,7226,17226
-7227,7227,17227
-7228,7228,17228
-7229,7229,17229
-7230,7230,17230
-7231,7231,17231
-7232,7232,17232
-7233,7233,17233
-7234,7234,17234
-7235,7235,17235
-7236,7236,17236
-7237,7237,17237
-7238,7238,17238
-7239,7239,17239
-7240,7240,17240
-7241,7241,17241
-7242,7242,17242
-7243,7243,17243
-7244,7244,17244
-7245,7245,17245
-7246,7246,17246
-7247,7247,17247
-7248,7248,17248
-7249,7249,17249
-7250,7250,17250
-7251,7251,17251
-7252,7252,17252
-7253,7253,17253
-7254,7254,17254
-7255,7255,17255
-7256,7256,17256
-7257,7257,17257
-7258,7258,17258
-7259,7259,17259
-7260,7260,17260
-7261,7261,17261
-7262,7262,17262
-7263,7263,17263
-7264,7264,17264
-7265,7265,17265
-7266,7266,17266
-7267,7267,17267
-7268,7268,17268
-7269,7269,17269
-7270,7270,17270
-7271,7271,17271
-7272,7272,17272
-7273,7273,17273
-7274,7274,17274
-7275,7275,17275
-7276,7276,17276
-7277,7277,17277
-7278,7278,17278
-7279,7279,17279
-7280,7280,17280
-7281,7281,17281
-7282,7282,17282
-7283,7283,17283
-7284,7284,17284
-7285,7285,17285
-7286,7286,17286
-7287,7287,17287
-7288,7288,17288
-7289,7289,17289
-7290,7290,17290
-7291,7291,17291
-7292,7292,17292
-7293,7293,17293
-7294,7294,17294
-7295,7295,17295
-7296,7296,17296
-7297,7297,17297
-7298,7298,17298
-7299,7299,17299
-7300,7300,17300
-7301,7301,17301
-7302,7302,17302
-7303,7303,17303
-7304,7304,17304
-7305,7305,17305
-7306,7306,17306
-7307,7307,17307
-7308,7308,17308
-7309,7309,17309
-7310,7310,17310
-7311,7311,17311
-7312,7312,17312
-7313,7313,17313
-7314,7314,17314
-7315,7315,17315
-7316,7316,17316
-7317,7317,17317
-7318,7318,17318
-7319,7319,17319
-7320,7320,17320
-7321,7321,17321
-7322,7322,17322
-7323,7323,17323
-7324,7324,17324
-7325,7325,17325
-7326,7326,17326
-7327,7327,17327
-7328,7328,17328
-7329,7329,17329
-7330,7330,17330
-7331,7331,17331
-7332,7332,17332
-7333,7333,17333
-7334,7334,17334
-7335,7335,17335
-7336,7336,17336
-7337,7337,17337
-7338,7338,17338
-7339,7339,17339
-7340,7340,17340
-7341,7341,17341
-7342,7342,17342
-7343,7343,17343
-7344,7344,17344
-7345,7345,17345
-7346,7346,17346
-7347,7347,17347
-7348,7348,17348
-7349,7349,17349
-7350,7350,17350
-7351,7351,17351
-7352,7352,17352
-7353,7353,17353
-7354,7354,17354
-7355,7355,17355
-7356,7356,17356
-7357,7357,17357
-7358,7358,17358
-7359,7359,17359
-7360,7360,17360
-7361,7361,17361
-7362,7362,17362
-7363,7363,17363
-7364,7364,17364
-7365,7365,17365
-7366,7366,17366
-7367,7367,17367
-7368,7368,17368
-7369,7369,17369
-7370,7370,17370
-7371,7371,17371
-7372,7372,17372
-7373,7373,17373
-7374,7374,17374
-7375,7375,17375
-7376,7376,17376
-7377,7377,17377
-7378,7378,17378
-7379,7379,17379
-7380,7380,17380
-7381,7381,17381
-7382,7382,17382
-7383,7383,17383
-7384,7384,17384
-7385,7385,17385
-7386,7386,17386
-7387,7387,17387
-7388,7388,17388
-7389,7389,17389
-7390,7390,17390
-7391,7391,17391
-7392,7392,17392
-7393,7393,17393
-7394,7394,17394
-7395,7395,17395
-7396,7396,17396
-7397,7397,17397
-7398,7398,17398
-7399,7399,17399
-7400,7400,17400
-7401,7401,17401
-7402,7402,17402
-7403,7403,17403
-7404,7404,17404
-7405,7405,17405
-7406,7406,17406
-7407,7407,17407
-7408,7408,17408
-7409,7409,17409
-7410,7410,17410
-7411,7411,17411
-7412,7412,17412
-7413,7413,17413
-7414,7414,17414
-7415,7415,17415
-7416,7416,17416
-7417,7417,17417
-7418,7418,17418
-7419,7419,17419
-7420,7420,17420
-7421,7421,17421
-7422,7422,17422
-7423,7423,17423
-7424,7424,17424
-7425,7425,17425
-7426,7426,17426
-7427,7427,17427
-7428,7428,17428
-7429,7429,17429
-7430,7430,17430
-7431,7431,17431
-7432,7432,17432
-7433,7433,17433
-7434,7434,17434
-7435,7435,17435
-7436,7436,17436
-7437,7437,17437
-7438,7438,17438
-7439,7439,17439
-7440,7440,17440
-7441,7441,17441
-7442,7442,17442
-7443,7443,17443
-7444,7444,17444
-7445,7445,17445
-7446,7446,17446
-7447,7447,17447
-7448,7448,17448
-7449,7449,17449
-7450,7450,17450
-7451,7451,17451
-7452,7452,17452
-7453,7453,17453
-7454,7454,17454
-7455,7455,17455
-7456,7456,17456
-7457,7457,17457
-7458,7458,17458
-7459,7459,17459
-7460,7460,17460
-7461,7461,17461
-7462,7462,17462
-7463,7463,17463
-7464,7464,17464
-7465,7465,17465
-7466,7466,17466
-7467,7467,17467
-7468,7468,17468
-7469,7469,17469
-7470,7470,17470
-7471,7471,17471
-7472,7472,17472
-7473,7473,17473
-7474,7474,17474
-7475,7475,17475
-7476,7476,17476
-7477,7477,17477
-7478,7478,17478
-7479,7479,17479
-7480,7480,17480
-7481,7481,17481
-7482,7482,17482
-7483,7483,17483
-7484,7484,17484
-7485,7485,17485
-7486,7486,17486
-7487,7487,17487
-7488,7488,17488
-7489,7489,17489
-7490,7490,17490
-7491,7491,17491
-7492,7492,17492
-7493,7493,17493
-7494,7494,17494
-7495,7495,17495
-7496,7496,17496
-7497,7497,17497
-7498,7498,17498
-7499,7499,17499
-7500,7500,17500
-7501,7501,17501
-7502,7502,17502
-7503,7503,17503
-7504,7504,17504
-7505,7505,17505
-7506,7506,17506
-7507,7507,17507
-7508,7508,17508
-7509,7509,17509
-7510,7510,17510
-7511,7511,17511
-7512,7512,17512
-7513,7513,17513
-7514,7514,17514
-7515,7515,17515
-7516,7516,17516
-7517,7517,17517
-7518,7518,17518
-7519,7519,17519
-7520,7520,17520
-7521,7521,17521
-7522,7522,17522
-7523,7523,17523
-7524,7524,17524
-7525,7525,17525
-7526,7526,17526
-7527,7527,17527
-7528,7528,17528
-7529,7529,17529
-7530,7530,17530
-7531,7531,17531
-7532,7532,17532
-7533,7533,17533
-7534,7534,17534
-7535,7535,17535
-7536,7536,17536
-7537,7537,17537
-7538,7538,17538
-7539,7539,17539
-7540,7540,17540
-7541,7541,17541
-7542,7542,17542
-7543,7543,17543
-7544,7544,17544
-7545,7545,17545
-7546,7546,17546
-7547,7547,17547
-7548,7548,17548
-7549,7549,17549
-7550,7550,17550
-7551,7551,17551
-7552,7552,17552
-7553,7553,17553
-7554,7554,17554
-7555,7555,17555
-7556,7556,17556
-7557,7557,17557
-7558,7558,17558
-7559,7559,17559
-7560,7560,17560
-7561,7561,17561
-7562,7562,17562
-7563,7563,17563
-7564,7564,17564
-7565,7565,17565
-7566,7566,17566
-7567,7567,17567
-7568,7568,17568
-7569,7569,17569
-7570,7570,17570
-7571,7571,17571
-7572,7572,17572
-7573,7573,17573
-7574,7574,17574
-7575,7575,17575
-7576,7576,17576
-7577,7577,17577
-7578,7578,17578
-7579,7579,17579
-7580,7580,17580
-7581,7581,17581
-7582,7582,17582
-7583,7583,17583
-7584,7584,17584
-7585,7585,17585
-7586,7586,17586
-7587,7587,17587
-7588,7588,17588
-7589,7589,17589
-7590,7590,17590
-7591,7591,17591
-7592,7592,17592
-7593,7593,17593
-7594,7594,17594
-7595,7595,17595
-7596,7596,17596
-7597,7597,17597
-7598,7598,17598
-7599,7599,17599
-7600,7600,17600
-7601,7601,17601
-7602,7602,17602
-7603,7603,17603
-7604,7604,17604
-7605,7605,17605
-7606,7606,17606
-7607,7607,17607
-7608,7608,17608
-7609,7609,17609
-7610,7610,17610
-7611,7611,17611
-7612,7612,17612
-7613,7613,17613
-7614,7614,17614
-7615,7615,17615
-7616,7616,17616
-7617,7617,17617
-7618,7618,17618
-7619,7619,17619
-7620,7620,17620
-7621,7621,17621
-7622,7622,17622
-7623,7623,17623
-7624,7624,17624
-7625,7625,17625
-7626,7626,17626
-7627,7627,17627
-7628,7628,17628
-7629,7629,17629
-7630,7630,17630
-7631,7631,17631
-7632,7632,17632
-7633,7633,17633
-7634,7634,17634
-7635,7635,17635
-7636,7636,17636
-7637,7637,17637
-7638,7638,17638
-7639,7639,17639
-7640,7640,17640
-7641,7641,17641
-7642,7642,17642
-7643,7643,17643
-7644,7644,17644
-7645,7645,17645
-7646,7646,17646
-7647,7647,17647
-7648,7648,17648
-7649,7649,17649
-7650,7650,17650
-7651,7651,17651
-7652,7652,17652
-7653,7653,17653
-7654,7654,17654
-7655,7655,17655
-7656,7656,17656
-7657,7657,17657
-7658,7658,17658
-7659,7659,17659
-7660,7660,17660
-7661,7661,17661
-7662,7662,17662
-7663,7663,17663
-7664,7664,17664
-7665,7665,17665
-7666,7666,17666
-7667,7667,17667
-7668,7668,17668
-7669,7669,17669
-7670,7670,17670
-7671,7671,17671
-7672,7672,17672
-7673,7673,17673
-7674,7674,17674
-7675,7675,17675
-7676,7676,17676
-7677,7677,17677
-7678,7678,17678
-7679,7679,17679
-7680,7680,17680
-7681,7681,17681
-7682,7682,17682
-7683,7683,17683
-7684,7684,17684
-7685,7685,17685
-7686,7686,17686
-7687,7687,17687
-7688,7688,17688
-7689,7689,17689
-7690,7690,17690
-7691,7691,17691
-7692,7692,17692
-7693,7693,17693
-7694,7694,17694
-7695,7695,17695
-7696,7696,17696
-7697,7697,17697
-7698,7698,17698
-7699,7699,17699
-7700,7700,17700
-7701,7701,17701
-7702,7702,17702
-7703,7703,17703
-7704,7704,17704
-7705,7705,17705
-7706,7706,17706
-7707,7707,17707
-7708,7708,17708
-7709,7709,17709
-7710,7710,17710
-7711,7711,17711
-7712,7712,17712
-7713,7713,17713
-7714,7714,17714
-7715,7715,17715
-7716,7716,17716
-7717,7717,17717
-7718,7718,17718
-7719,7719,17719
-7720,7720,17720
-7721,7721,17721
-7722,7722,17722
-7723,7723,17723
-7724,7724,17724
-7725,7725,17725
-7726,7726,17726
-7727,7727,17727
-7728,7728,17728
-7729,7729,17729
-7730,7730,17730
-7731,7731,17731
-7732,7732,17732
-7733,7733,17733
-7734,7734,17734
-7735,7735,17735
-7736,7736,17736
-7737,7737,17737
-7738,7738,17738
-7739,7739,17739
-7740,7740,17740
-7741,7741,17741
-7742,7742,17742
-7743,7743,17743
-7744,7744,17744
-7745,7745,17745
-7746,7746,17746
-7747,7747,17747
-7748,7748,17748
-7749,7749,17749
-7750,7750,17750
-7751,7751,17751
-7752,7752,17752
-7753,7753,17753
-7754,7754,17754
-7755,7755,17755
-7756,7756,17756
-7757,7757,17757
-7758,7758,17758
-7759,7759,17759
-7760,7760,17760
-7761,7761,17761
-7762,7762,17762
-7763,7763,17763
-7764,7764,17764
-7765,7765,17765
-7766,7766,17766
-7767,7767,17767
-7768,7768,17768
-7769,7769,17769
-7770,7770,17770
-7771,7771,17771
-7772,7772,17772
-7773,7773,17773
-7774,7774,17774
-7775,7775,17775
-7776,7776,17776
-7777,7777,17777
-7778,7778,17778
-7779,7779,17779
-7780,7780,17780
-7781,7781,17781
-7782,7782,17782
-7783,7783,17783
-7784,7784,17784
-7785,7785,17785
-7786,7786,17786
-7787,7787,17787
-7788,7788,17788
-7789,7789,17789
-7790,7790,17790
-7791,7791,17791
-7792,7792,17792
-7793,7793,17793
-7794,7794,17794
-7795,7795,17795
-7796,7796,17796
-7797,7797,17797
-7798,7798,17798
-7799,7799,17799
-7800,7800,17800
-7801,7801,17801
-7802,7802,17802
-7803,7803,17803
-7804,7804,17804
-7805,7805,17805
-7806,7806,17806
-7807,7807,17807
-7808,7808,17808
-7809,7809,17809
-7810,7810,17810
-7811,7811,17811
-7812,7812,17812
-7813,7813,17813
-7814,7814,17814
-7815,7815,17815
-7816,7816,17816
-7817,7817,17817
-7818,7818,17818
-7819,7819,17819
-7820,7820,17820
-7821,7821,17821
-7822,7822,17822
-7823,7823,17823
-7824,7824,17824
-7825,7825,17825
-7826,7826,17826
-7827,7827,17827
-7828,7828,17828
-7829,7829,17829
-7830,7830,17830
-7831,7831,17831
-7832,7832,17832
-7833,7833,17833
-7834,7834,17834
-7835,7835,17835
-7836,7836,17836
-7837,7837,17837
-7838,7838,17838
-7839,7839,17839
-7840,7840,17840
-7841,7841,17841
-7842,7842,17842
-7843,7843,17843
-7844,7844,17844
-7845,7845,17845
-7846,7846,17846
-7847,7847,17847
-7848,7848,17848
-7849,7849,17849
-7850,7850,17850
-7851,7851,17851
-7852,7852,17852
-7853,7853,17853
-7854,7854,17854
-7855,7855,17855
-7856,7856,17856
-7857,7857,17857
-7858,7858,17858
-7859,7859,17859
-7860,7860,17860
-7861,7861,17861
-7862,7862,17862
-7863,7863,17863
-7864,7864,17864
-7865,7865,17865
-7866,7866,17866
-7867,7867,17867
-7868,7868,17868
-7869,7869,17869
-7870,7870,17870
-7871,7871,17871
-7872,7872,17872
-7873,7873,17873
-7874,7874,17874
-7875,7875,17875
-7876,7876,17876
-7877,7877,17877
-7878,7878,17878
-7879,7879,17879
-7880,7880,17880
-7881,7881,17881
-7882,7882,17882
-7883,7883,17883
-7884,7884,17884
-7885,7885,17885
-7886,7886,17886
-7887,7887,17887
-7888,7888,17888
-7889,7889,17889
-7890,7890,17890
-7891,7891,17891
-7892,7892,17892
-7893,7893,17893
-7894,7894,17894
-7895,7895,17895
-7896,7896,17896
-7897,7897,17897
-7898,7898,17898
-7899,7899,17899
-7900,7900,17900
-7901,7901,17901
-7902,7902,17902
-7903,7903,17903
-7904,7904,17904
-7905,7905,17905
-7906,7906,17906
-7907,7907,17907
-7908,7908,17908
-7909,7909,17909
-7910,7910,17910
-7911,7911,17911
-7912,7912,17912
-7913,7913,17913
-7914,7914,17914
-7915,7915,17915
-7916,7916,17916
-7917,7917,17917
-7918,7918,17918
-7919,7919,17919
-7920,7920,17920
-7921,7921,17921
-7922,7922,17922
-7923,7923,17923
-7924,7924,17924
-7925,7925,17925
-7926,7926,17926
-7927,7927,17927
-7928,7928,17928
-7929,7929,17929
-7930,7930,17930
-7931,7931,17931
-7932,7932,17932
-7933,7933,17933
-7934,7934,17934
-7935,7935,17935
-7936,7936,17936
-7937,7937,17937
-7938,7938,17938
-7939,7939,17939
-7940,7940,17940
-7941,7941,17941
-7942,7942,17942
-7943,7943,17943
-7944,7944,17944
-7945,7945,17945
-7946,7946,17946
-7947,7947,17947
-7948,7948,17948
-7949,7949,17949
-7950,7950,17950
-7951,7951,17951
-7952,7952,17952
-7953,7953,17953
-7954,7954,17954
-7955,7955,17955
-7956,7956,17956
-7957,7957,17957
-7958,7958,17958
-7959,7959,17959
-7960,7960,17960
-7961,7961,17961
-7962,7962,17962
-7963,7963,17963
-7964,7964,17964
-7965,7965,17965
-7966,7966,17966
-7967,7967,17967
-7968,7968,17968
-7969,7969,17969
-7970,7970,17970
-7971,7971,17971
-7972,7972,17972
-7973,7973,17973
-7974,7974,17974
-7975,7975,17975
-7976,7976,17976
-7977,7977,17977
-7978,7978,17978
-7979,7979,17979
-7980,7980,17980
-7981,7981,17981
-7982,7982,17982
-7983,7983,17983
-7984,7984,17984
-7985,7985,17985
-7986,7986,17986
-7987,7987,17987
-7988,7988,17988
-7989,7989,17989
-7990,7990,17990
-7991,7991,17991
-7992,7992,17992
-7993,7993,17993
-7994,7994,17994
-7995,7995,17995
-7996,7996,17996
-7997,7997,17997
-7998,7998,17998
-7999,7999,17999
-8000,8000,18000
-8001,8001,18001
-8002,8002,18002
-8003,8003,18003
-8004,8004,18004
-8005,8005,18005
-8006,8006,18006
-8007,8007,18007
-8008,8008,18008
-8009,8009,18009
-8010,8010,18010
-8011,8011,18011
-8012,8012,18012
-8013,8013,18013
-8014,8014,18014
-8015,8015,18015
-8016,8016,18016
-8017,8017,18017
-8018,8018,18018
-8019,8019,18019
-8020,8020,18020
-8021,8021,18021
-8022,8022,18022
-8023,8023,18023
-8024,8024,18024
-8025,8025,18025
-8026,8026,18026
-8027,8027,18027
-8028,8028,18028
-8029,8029,18029
-8030,8030,18030
-8031,8031,18031
-8032,8032,18032
-8033,8033,18033
-8034,8034,18034
-8035,8035,18035
-8036,8036,18036
-8037,8037,18037
-8038,8038,18038
-8039,8039,18039
-8040,8040,18040
-8041,8041,18041
-8042,8042,18042
-8043,8043,18043
-8044,8044,18044
-8045,8045,18045
-8046,8046,18046
-8047,8047,18047
-8048,8048,18048
-8049,8049,18049
-8050,8050,18050
-8051,8051,18051
-8052,8052,18052
-8053,8053,18053
-8054,8054,18054
-8055,8055,18055
-8056,8056,18056
-8057,8057,18057
-8058,8058,18058
-8059,8059,18059
-8060,8060,18060
-8061,8061,18061
-8062,8062,18062
-8063,8063,18063
-8064,8064,18064
-8065,8065,18065
-8066,8066,18066
-8067,8067,18067
-8068,8068,18068
-8069,8069,18069
-8070,8070,18070
-8071,8071,18071
-8072,8072,18072
-8073,8073,18073
-8074,8074,18074
-8075,8075,18075
-8076,8076,18076
-8077,8077,18077
-8078,8078,18078
-8079,8079,18079
-8080,8080,18080
-8081,8081,18081
-8082,8082,18082
-8083,8083,18083
-8084,8084,18084
-8085,8085,18085
-8086,8086,18086
-8087,8087,18087
-8088,8088,18088
-8089,8089,18089
-8090,8090,18090
-8091,8091,18091
-8092,8092,18092
-8093,8093,18093
-8094,8094,18094
-8095,8095,18095
-8096,8096,18096
-8097,8097,18097
-8098,8098,18098
-8099,8099,18099
-8100,8100,18100
-8101,8101,18101
-8102,8102,18102
-8103,8103,18103
-8104,8104,18104
-8105,8105,18105
-8106,8106,18106
-8107,8107,18107
-8108,8108,18108
-8109,8109,18109
-8110,8110,18110
-8111,8111,18111
-8112,8112,18112
-8113,8113,18113
-8114,8114,18114
-8115,8115,18115
-8116,8116,18116
-8117,8117,18117
-8118,8118,18118
-8119,8119,18119
-8120,8120,18120
-8121,8121,18121
-8122,8122,18122
-8123,8123,18123
-8124,8124,18124
-8125,8125,18125
-8126,8126,18126
-8127,8127,18127
-8128,8128,18128
-8129,8129,18129
-8130,8130,18130
-8131,8131,18131
-8132,8132,18132
-8133,8133,18133
-8134,8134,18134
-8135,8135,18135
-8136,8136,18136
-8137,8137,18137
-8138,8138,18138
-8139,8139,18139
-8140,8140,18140
-8141,8141,18141
-8142,8142,18142
-8143,8143,18143
-8144,8144,18144
-8145,8145,18145
-8146,8146,18146
-8147,8147,18147
-8148,8148,18148
-8149,8149,18149
-8150,8150,18150
-8151,8151,18151
-8152,8152,18152
-8153,8153,18153
-8154,8154,18154
-8155,8155,18155
-8156,8156,18156
-8157,8157,18157
-8158,8158,18158
-8159,8159,18159
-8160,8160,18160
-8161,8161,18161
-8162,8162,18162
-8163,8163,18163
-8164,8164,18164
-8165,8165,18165
-8166,8166,18166
-8167,8167,18167
-8168,8168,18168
-8169,8169,18169
-8170,8170,18170
-8171,8171,18171
-8172,8172,18172
-8173,8173,18173
-8174,8174,18174
-8175,8175,18175
-8176,8176,18176
-8177,8177,18177
-8178,8178,18178
-8179,8179,18179
-8180,8180,18180
-8181,8181,18181
-8182,8182,18182
-8183,8183,18183
-8184,8184,18184
-8185,8185,18185
-8186,8186,18186
-8187,8187,18187
-8188,8188,18188
-8189,8189,18189
-8190,8190,18190
-8191,8191,18191
-8192,8192,18192
-8193,8193,18193
-8194,8194,18194
-8195,8195,18195
-8196,8196,18196
-8197,8197,18197
-8198,8198,18198
-8199,8199,18199
-8200,8200,18200
-8201,8201,18201
-8202,8202,18202
-8203,8203,18203
-8204,8204,18204
-8205,8205,18205
-8206,8206,18206
-8207,8207,18207
-8208,8208,18208
-8209,8209,18209
-8210,8210,18210
-8211,8211,18211
-8212,8212,18212
-8213,8213,18213
-8214,8214,18214
-8215,8215,18215
-8216,8216,18216
-8217,8217,18217
-8218,8218,18218
-8219,8219,18219
-8220,8220,18220
-8221,8221,18221
-8222,8222,18222
-8223,8223,18223
-8224,8224,18224
-8225,8225,18225
-8226,8226,18226
-8227,8227,18227
-8228,8228,18228
-8229,8229,18229
-8230,8230,18230
-8231,8231,18231
-8232,8232,18232
-8233,8233,18233
-8234,8234,18234
-8235,8235,18235
-8236,8236,18236
-8237,8237,18237
-8238,8238,18238
-8239,8239,18239
-8240,8240,18240
-8241,8241,18241
-8242,8242,18242
-8243,8243,18243
-8244,8244,18244
-8245,8245,18245
-8246,8246,18246
-8247,8247,18247
-8248,8248,18248
-8249,8249,18249
-8250,8250,18250
-8251,8251,18251
-8252,8252,18252
-8253,8253,18253
-8254,8254,18254
-8255,8255,18255
-8256,8256,18256
-8257,8257,18257
-8258,8258,18258
-8259,8259,18259
-8260,8260,18260
-8261,8261,18261
-8262,8262,18262
-8263,8263,18263
-8264,8264,18264
-8265,8265,18265
-8266,8266,18266
-8267,8267,18267
-8268,8268,18268
-8269,8269,18269
-8270,8270,18270
-8271,8271,18271
-8272,8272,18272
-8273,8273,18273
-8274,8274,18274
-8275,8275,18275
-8276,8276,18276
-8277,8277,18277
-8278,8278,18278
-8279,8279,18279
-8280,8280,18280
-8281,8281,18281
-8282,8282,18282
-8283,8283,18283
-8284,8284,18284
-8285,8285,18285
-8286,8286,18286
-8287,8287,18287
-8288,8288,18288
-8289,8289,18289
-8290,8290,18290
-8291,8291,18291
-8292,8292,18292
-8293,8293,18293
-8294,8294,18294
-8295,8295,18295
-8296,8296,18296
-8297,8297,18297
-8298,8298,18298
-8299,8299,18299
-8300,8300,18300
-8301,8301,18301
-8302,8302,18302
-8303,8303,18303
-8304,8304,18304
-8305,8305,18305
-8306,8306,18306
-8307,8307,18307
-8308,8308,18308
-8309,8309,18309
-8310,8310,18310
-8311,8311,18311
-8312,8312,18312
-8313,8313,18313
-8314,8314,18314
-8315,8315,18315
-8316,8316,18316
-8317,8317,18317
-8318,8318,18318
-8319,8319,18319
-8320,8320,18320
-8321,8321,18321
-8322,8322,18322
-8323,8323,18323
-8324,8324,18324
-8325,8325,18325
-8326,8326,18326
-8327,8327,18327
-8328,8328,18328
-8329,8329,18329
-8330,8330,18330
-8331,8331,18331
-8332,8332,18332
-8333,8333,18333
-8334,8334,18334
-8335,8335,18335
-8336,8336,18336
-8337,8337,18337
-8338,8338,18338
-8339,8339,18339
-8340,8340,18340
-8341,8341,18341
-8342,8342,18342
-8343,8343,18343
-8344,8344,18344
-8345,8345,18345
-8346,8346,18346
-8347,8347,18347
-8348,8348,18348
-8349,8349,18349
-8350,8350,18350
-8351,8351,18351
-8352,8352,18352
-8353,8353,18353
-8354,8354,18354
-8355,8355,18355
-8356,8356,18356
-8357,8357,18357
-8358,8358,18358
-8359,8359,18359
-8360,8360,18360
-8361,8361,18361
-8362,8362,18362
-8363,8363,18363
-8364,8364,18364
-8365,8365,18365
-8366,8366,18366
-8367,8367,18367
-8368,8368,18368
-8369,8369,18369
-8370,8370,18370
-8371,8371,18371
-8372,8372,18372
-8373,8373,18373
-8374,8374,18374
-8375,8375,18375
-8376,8376,18376
-8377,8377,18377
-8378,8378,18378
-8379,8379,18379
-8380,8380,18380
-8381,8381,18381
-8382,8382,18382
-8383,8383,18383
-8384,8384,18384
-8385,8385,18385
-8386,8386,18386
-8387,8387,18387
-8388,8388,18388
-8389,8389,18389
-8390,8390,18390
-8391,8391,18391
-8392,8392,18392
-8393,8393,18393
-8394,8394,18394
-8395,8395,18395
-8396,8396,18396
-8397,8397,18397
-8398,8398,18398
-8399,8399,18399
-8400,8400,18400
-8401,8401,18401
-8402,8402,18402
-8403,8403,18403
-8404,8404,18404
-8405,8405,18405
-8406,8406,18406
-8407,8407,18407
-8408,8408,18408
-8409,8409,18409
-8410,8410,18410
-8411,8411,18411
-8412,8412,18412
-8413,8413,18413
-8414,8414,18414
-8415,8415,18415
-8416,8416,18416
-8417,8417,18417
-8418,8418,18418
-8419,8419,18419
-8420,8420,18420
-8421,8421,18421
-8422,8422,18422
-8423,8423,18423
-8424,8424,18424
-8425,8425,18425
-8426,8426,18426
-8427,8427,18427
-8428,8428,18428
-8429,8429,18429
-8430,8430,18430
-8431,8431,18431
-8432,8432,18432
-8433,8433,18433
-8434,8434,18434
-8435,8435,18435
-8436,8436,18436
-8437,8437,18437
-8438,8438,18438
-8439,8439,18439
-8440,8440,18440
-8441,8441,18441
-8442,8442,18442
-8443,8443,18443
-8444,8444,18444
-8445,8445,18445
-8446,8446,18446
-8447,8447,18447
-8448,8448,18448
-8449,8449,18449
-8450,8450,18450
-8451,8451,18451
-8452,8452,18452
-8453,8453,18453
-8454,8454,18454
-8455,8455,18455
-8456,8456,18456
-8457,8457,18457
-8458,8458,18458
-8459,8459,18459
-8460,8460,18460
-8461,8461,18461
-8462,8462,18462
-8463,8463,18463
-8464,8464,18464
-8465,8465,18465
-8466,8466,18466
-8467,8467,18467
-8468,8468,18468
-8469,8469,18469
-8470,8470,18470
-8471,8471,18471
-8472,8472,18472
-8473,8473,18473
-8474,8474,18474
-8475,8475,18475
-8476,8476,18476
-8477,8477,18477
-8478,8478,18478
-8479,8479,18479
-8480,8480,18480
-8481,8481,18481
-8482,8482,18482
-8483,8483,18483
-8484,8484,18484
-8485,8485,18485
-8486,8486,18486
-8487,8487,18487
-8488,8488,18488
-8489,8489,18489
-8490,8490,18490
-8491,8491,18491
-8492,8492,18492
-8493,8493,18493
-8494,8494,18494
-8495,8495,18495
-8496,8496,18496
-8497,8497,18497
-8498,8498,18498
-8499,8499,18499
-8500,8500,18500
-8501,8501,18501
-8502,8502,18502
-8503,8503,18503
-8504,8504,18504
-8505,8505,18505
-8506,8506,18506
-8507,8507,18507
-8508,8508,18508
-8509,8509,18509
-8510,8510,18510
-8511,8511,18511
-8512,8512,18512
-8513,8513,18513
-8514,8514,18514
-8515,8515,18515
-8516,8516,18516
-8517,8517,18517
-8518,8518,18518
-8519,8519,18519
-8520,8520,18520
-8521,8521,18521
-8522,8522,18522
-8523,8523,18523
-8524,8524,18524
-8525,8525,18525
-8526,8526,18526
-8527,8527,18527
-8528,8528,18528
-8529,8529,18529
-8530,8530,18530
-8531,8531,18531
-8532,8532,18532
-8533,8533,18533
-8534,8534,18534
-8535,8535,18535
-8536,8536,18536
-8537,8537,18537
-8538,8538,18538
-8539,8539,18539
-8540,8540,18540
-8541,8541,18541
-8542,8542,18542
-8543,8543,18543
-8544,8544,18544
-8545,8545,18545
-8546,8546,18546
-8547,8547,18547
-8548,8548,18548
-8549,8549,18549
-8550,8550,18550
-8551,8551,18551
-8552,8552,18552
-8553,8553,18553
-8554,8554,18554
-8555,8555,18555
-8556,8556,18556
-8557,8557,18557
-8558,8558,18558
-8559,8559,18559
-8560,8560,18560
-8561,8561,18561
-8562,8562,18562
-8563,8563,18563
-8564,8564,18564
-8565,8565,18565
-8566,8566,18566
-8567,8567,18567
-8568,8568,18568
-8569,8569,18569
-8570,8570,18570
-8571,8571,18571
-8572,8572,18572
-8573,8573,18573
-8574,8574,18574
-8575,8575,18575
-8576,8576,18576
-8577,8577,18577
-8578,8578,18578
-8579,8579,18579
-8580,8580,18580
-8581,8581,18581
-8582,8582,18582
-8583,8583,18583
-8584,8584,18584
-8585,8585,18585
-8586,8586,18586
-8587,8587,18587
-8588,8588,18588
-8589,8589,18589
-8590,8590,18590
-8591,8591,18591
-8592,8592,18592
-8593,8593,18593
-8594,8594,18594
-8595,8595,18595
-8596,8596,18596
-8597,8597,18597
-8598,8598,18598
-8599,8599,18599
-8600,8600,18600
-8601,8601,18601
-8602,8602,18602
-8603,8603,18603
-8604,8604,18604
-8605,8605,18605
-8606,8606,18606
-8607,8607,18607
-8608,8608,18608
-8609,8609,18609
-8610,8610,18610
-8611,8611,18611
-8612,8612,18612
-8613,8613,18613
-8614,8614,18614
-8615,8615,18615
-8616,8616,18616
-8617,8617,18617
-8618,8618,18618
-8619,8619,18619
-8620,8620,18620
-8621,8621,18621
-8622,8622,18622
-8623,8623,18623
-8624,8624,18624
-8625,8625,18625
-8626,8626,18626
-8627,8627,18627
-8628,8628,18628
-8629,8629,18629
-8630,8630,18630
-8631,8631,18631
-8632,8632,18632
-8633,8633,18633
-8634,8634,18634
-8635,8635,18635
-8636,8636,18636
-8637,8637,18637
-8638,8638,18638
-8639,8639,18639
-8640,8640,18640
-8641,8641,18641
-8642,8642,18642
-8643,8643,18643
-8644,8644,18644
-8645,8645,18645
-8646,8646,18646
-8647,8647,18647
-8648,8648,18648
-8649,8649,18649
-8650,8650,18650
-8651,8651,18651
-8652,8652,18652
-8653,8653,18653
-8654,8654,18654
-8655,8655,18655
-8656,8656,18656
-8657,8657,18657
-8658,8658,18658
-8659,8659,18659
-8660,8660,18660
-8661,8661,18661
-8662,8662,18662
-8663,8663,18663
-8664,8664,18664
-8665,8665,18665
-8666,8666,18666
-8667,8667,18667
-8668,8668,18668
-8669,8669,18669
-8670,8670,18670
-8671,8671,18671
-8672,8672,18672
-8673,8673,18673
-8674,8674,18674
-8675,8675,18675
-8676,8676,18676
-8677,8677,18677
-8678,8678,18678
-8679,8679,18679
-8680,8680,18680
-8681,8681,18681
-8682,8682,18682
-8683,8683,18683
-8684,8684,18684
-8685,8685,18685
-8686,8686,18686
-8687,8687,18687
-8688,8688,18688
-8689,8689,18689
-8690,8690,18690
-8691,8691,18691
-8692,8692,18692
-8693,8693,18693
-8694,8694,18694
-8695,8695,18695
-8696,8696,18696
-8697,8697,18697
-8698,8698,18698
-8699,8699,18699
-8700,8700,18700
-8701,8701,18701
-8702,8702,18702
-8703,8703,18703
-8704,8704,18704
-8705,8705,18705
-8706,8706,18706
-8707,8707,18707
-8708,8708,18708
-8709,8709,18709
-8710,8710,18710
-8711,8711,18711
-8712,8712,18712
-8713,8713,18713
-8714,8714,18714
-8715,8715,18715
-8716,8716,18716
-8717,8717,18717
-8718,8718,18718
-8719,8719,18719
-8720,8720,18720
-8721,8721,18721
-8722,8722,18722
-8723,8723,18723
-8724,8724,18724
-8725,8725,18725
-8726,8726,18726
-8727,8727,18727
-8728,8728,18728
-8729,8729,18729
-8730,8730,18730
-8731,8731,18731
-8732,8732,18732
-8733,8733,18733
-8734,8734,18734
-8735,8735,18735
-8736,8736,18736
-8737,8737,18737
-8738,8738,18738
-8739,8739,18739
-8740,8740,18740
-8741,8741,18741
-8742,8742,18742
-8743,8743,18743
-8744,8744,18744
-8745,8745,18745
-8746,8746,18746
-8747,8747,18747
-8748,8748,18748
-8749,8749,18749
-8750,8750,18750
-8751,8751,18751
-8752,8752,18752
-8753,8753,18753
-8754,8754,18754
-8755,8755,18755
-8756,8756,18756
-8757,8757,18757
-8758,8758,18758
-8759,8759,18759
-8760,8760,18760
